cluster_id,n_spikes,n_bins,r2_dev,r2_dev_cv,lr_stat,lr_p,loglik,fit,significant
582,3037.0,6018,0.006041479493971491,0.005659278228568487,49.88358675101699,1.0,-5089.016320366554,True,False
593,11288.0,6018,0.07373552503722891,0.07237526322958643,828.2647972905306,1.839571315713555e-51,-3773.8822535187946,True,True
596,5306.0,6018,0.053738997161862145,0.05284539723115966,638.0727448306843,7.474863390419745e-27,-5655.077757128831,True,True
599,8996.0,6018,0.010820476440259852,0.009636822895932817,128.46092462004162,1.0,-5315.152134910593,True,False
607,748.0,6018,0.0021850875139814985,0.0020229973978719284,7.847747883270131,1.0,-2303.736370911569,True,False
608,3297.0,6018,0.05445357322888622,0.053640530863513614,547.6651996488326,5.623165564427948e-17,-5007.110820723485,True,True
621,5482.0,6018,0.049656849270937276,0.04900616965604354,542.6416673355288,1.7911360293821707e-16,-5722.067428486273,True,True
634,845.0,6018,0.0009501405433665067,0.0007495811552744591,3.8193220158173062,1.0,-2501.9720562008215,True,False
663,13041.0,6018,0.09976036492689333,0.09849789275187026,1197.3359060776747,5.504780943935178e-108,-2357.1625611301733,True,True
664,6870.0,6018,0.008815803153293222,0.008244153561246526,64.53123108604268,1.0,-5928.083674915581,True,False
674,916.0,6018,0.0013533662704561245,0.001150964949906852,5.727331499625507,1.0,-2637.5007397947156,True,False
680,1818.0,6018,0.0016065148688571007,0.0013917820622468824,8.400593384179047,1.0,-3989.978395406675,True,False
703,7241.0,6018,0.03217609471410732,0.031181540176929312,255.44843305560244,0.9645383619154078,-5773.659356092469,True,False
711,838.0,6018,0.0016727332428210229,0.0014506712884079231,6.339430460324365,1.0,-2486.940712091064,True,False
714,2384.0,6018,0.033640481881393236,0.03316850471754751,238.959283513208,0.9949411292615896,-4472.04530419072,True,False
719,1994.0,6018,0.01015090166087762,0.009868063655862791,67.00094148551216,1.0,-4163.096468753649,True,False
720,2024.0,6018,0.07558006055426747,0.07495553057690274,579.0398529863669,3.1019888219913133e-20,-3939.9908285148686,True,True
727,2566.0,6018,0.009310404498823144,0.00872296729052191,71.703275827791,1.0,-4717.423985115078,True,False
735,7816.0,6018,0.10043864370438405,0.09984043248185981,1129.178720791262,6.059476648528506e-97,-5208.168047665347,True,True
744,3808.0,6018,0.021600621421267285,0.021117112600329002,203.0141886130168,0.9999939421454401,-5449.227385442913,True,False
773,5915.0,6018,0.12112898988284426,0.11965965706028092,1699.898589179742,1.2508911127086835e-194,-5167.164194209061,True,True
802,7560.0,6018,0.18023727197154804,0.17909855795286378,4093.902329452885,0.0,-3788.4902726776327,True,True
807,2215.0,6018,0.014965548323330191,0.014410251373239036,98.56207257919596,1.0,-4379.617166694725,True,False
823,3434.0,6018,0.05001199805234824,0.04955968565378921,459.8121980402084,4.945712171479402e-09,-5130.6682278055405,True,True
835,284.0,6018,0.00011134160851467012,2.5032962219784238e-05,0.1999441776142703,1.0,-1151.1042573153672,True,False
862,9208.0,6018,0.07529335679314464,0.07465028126230644,1240.0139433999393,5.24362599875642e-115,-4671.667709206438,True,True
866,5139.0,6018,0.15543805547471312,0.15482711696238383,1708.4295180747959,3.681766616580846e-196,-5096.215201308894,True,True
892,3955.0,6018,0.011573094915418025,0.011153396483223443,79.74763420106319,1.0,-5575.333843887942,True,False
900,1468.0,6018,0.0001816311013626004,-1.1287040618368493e-05,0.8370439327327404,1.0,-3538.7152205204316,True,False
948,2319.0,6018,0.007360051476291707,0.007068815473551315,46.85731953168397,1.0,-4507.013615562168,True,False
976,4203.0,6018,0.09762447157369358,0.09603800830959075,991.4316616724209,2.2577102745978937e-75,-5215.978011606814,True,True
977,1027.0,6018,0.004462462756495089,0.004243546403671528,19.68851568531136,1.0,-2833.0078416948345,True,False
985,1395.0,6018,0.0040483114894838135,0.0037936654457025876,20.83612565486783,1.0,-3423.877422466228,True,False
986,4569.0,6018,0.00043192825080018427,9.556867987370321e-05,2.623000384935949,1.0,-5826.268052606011,True,False
