cluster_id,kernel_sta_corr,kernel_norm,sta_norm
582,0.730712942540531,0.018291058522278844,13.169935911113651
593,0.8001469913129547,0.0415377572282961,39.2842700154672
596,0.8094338432697298,0.03768915494094825,23.808326560433485
599,0.5804310300454995,0.030244894496734124,27.50426169677029
607,0.7335212837996248,0.007641172786370272,3.8166627278053378
608,0.7532609956475607,0.03077852242011923,14.544779173612746
621,0.8570993393738885,0.03811853292161473,23.615122095013653
634,0.7045387705156027,0.009105931079297245,4.929721387286278
663,0.7665828290942034,0.04344217590581789,44.89795271837448
664,0.5358385396845016,0.018643518256326538,22.565258154624576
674,0.5730097646595032,0.00882150072801088,4.200016277937015
680,0.7161261056566738,0.01110282997563709,6.4691005377511726
703,0.7921723608448383,0.032056371951004844,25.395265174673458
711,0.7020016057922513,0.008313672582983152,3.802548355289355
714,0.8419081735825523,0.021586818231639063,10.687541399610971
719,0.7883046290178793,0.016319024461042463,9.297113225072902
720,0.7937444452812011,0.018160743257333824,7.621118714091503
727,0.6358661966401504,0.013461152920998745,9.56025712840662
735,0.8120545376303336,0.04038958540170012,28.645351648364002
744,0.5927204444547888,0.019088021706176253,15.372520650656218
773,0.8949542248702743,0.059743919658233925,29.549047453153783
802,0.7595220904919302,0.0650585256867543,43.434284650124276
807,0.6955610633712925,0.013722956705747899,7.920269646610812
823,0.6484482367877336,0.01840588679389901,10.16586344207747
835,0.44010785259059265,0.0032787936717682915,1.2736654553154632
862,0.6114218228262012,0.04001240883078339,36.17090218252778
866,0.7861230302932092,0.029945030959446357,18.33546032832893
892,0.7802469514516803,0.01862036998254227,13.783082707113946
900,0.5218911299594667,0.007575097134974791,4.537572469077092
948,0.5936986832374189,0.011193326260083795,8.328747311323493
976,0.5961388789000838,0.01950974458674841,12.895791900855825
977,0.7958306896181127,0.01125534268240775,5.505528676620522
985,0.6589225234422658,0.009942296080880549,5.852044015359751
986,0.6064919558880281,0.01474655716309285,14.764192963105028
