cluster_id,factor1,factor2,factor3
582,0.4681208526170078,-0.010421639938807913,-0.04925102767478497
593,0.8431754950795776,-0.2611913886226597,-0.04314087108434677
596,0.63477585000152,-0.13099838481855822,-0.17916092138750042
599,0.5821072720862237,0.06098998077792221,0.04181448562433879
607,0.5311716068365665,0.2793374818365293,0.2565005542601909
608,0.48226033208035807,0.01493611978203255,0.1290891541583914
621,0.7174874241344742,0.14429589017270886,-0.013856607013013231
634,0.3169853141253554,0.5168832266097557,-0.12482304420121558
663,0.839955150442679,-0.2771632086140215,-0.048860965571714744
664,0.6335103242058482,-0.12523500899872295,0.14426590157234023
674,0.3854701319435543,0.18881563225961823,-0.1476732105125792
680,0.6131107280610953,-0.21346922906040752,0.10887839057869661
703,0.37441452600751524,-0.03364007939512563,-0.38287754373653987
711,0.8004877389499931,-0.23448799208903745,0.010770464794262052
714,0.54685676430019,0.34794134479455335,0.3484778918715145
719,0.4669670961904261,0.30184545440223437,-0.33253820523818933
720,0.24413960710758503,0.14881324966890577,0.204501863465882
727,0.6175936819376473,0.18009393784426192,-0.025297235723041964
735,0.4852895839632061,0.010389973829459479,-0.05346959423356335
744,0.446889982300935,0.4447044781114763,-0.12767554456767877
773,0.4589031516380556,0.0737265590669246,0.2179493373674905
802,0.534936007991048,0.25804671381542293,0.2910335790165914
807,0.3603898863975967,0.18159685794664424,0.21714803638284083
823,0.11549768427397479,0.11772207362560583,0.21336150108558438
835,0.2737860760153873,-0.2259996739543525,0.006575116506533626
862,0.5617215037229455,0.35988972837719746,-0.08542542368237192
866,0.4532337776179617,0.1366807535508466,0.03507425546927261
892,0.3902019774366258,0.01536127361046437,-0.14425407862414438
900,0.3858470150806059,0.11400168129861556,0.14485462887564593
948,0.5634183347193207,0.014717287916666665,0.15787557251057832
976,0.31709387385898835,-0.16325740753722184,0.3735819712565988
977,0.5947790919569957,0.3062825498069753,-0.34898255779595266
985,0.14065393814128982,-0.049122398839442596,0.041453433051229664
986,0.2942378192268347,-0.16391003789166758,-0.17194387286468787
