method,fold,n_train,n_test,n_eval_bins,n_flash_bins,n_flash_cells,detection_auc,top1_accuracy,top5_accuracy,localisation_error,top1_accuracy_chance,position_error,mean_cell_correlation,n_cells_evaluated,movie_r2
ridge,0,4810,1202,1202,873,1592,0.5967439253247545,0.021764032073310423,0.07101947308132875,68.8357331480775,0.0061400565409729215,2.7848484974999845,0.013174347396196547,268,-0.04989118325100317
ridge,1,4804,1204,1204,866,1517,0.6010836738319417,0.023094688221709007,0.07621247113163972,69.43422262769131,0.005898087884231071,2.732644189191626,0.01509291156784057,263,-0.049023605514594504
ridge,2,4804,1204,1204,856,1554,0.5689890160060157,0.011682242990654205,0.0689252336448598,67.90988855236532,0.006112527140564523,2.736243908834886,0.014552320065059502,264,-0.049366706296576135
ridge,3,4804,1204,1204,903,1622,0.5952362556704672,0.024363233665559248,0.06866002214839424,70.24372825726762,0.006047928528548684,2.7741206057432826,0.014282118010322413,272,-0.044954949171889025
ridge,4,4810,1202,1202,899,1689,0.5886078040507055,0.018909899888765295,0.06451612903225806,65.62905924569833,0.00632577162054359,2.779431287442868,0.01434239883486307,276,-0.046548233227301505
pls,0,4810,1202,1202,873,1592,0.6203741421991038,0.027491408934707903,0.0836197021764032,64.16210280018299,0.0061400565409729215,2.8481571721472236,0.01830860829567637,268,-0.0014620750615130795
pls,1,4804,1204,1204,866,1517,0.5922489306749389,0.018475750577367205,0.09353348729792148,70.75710819963449,0.005898087884231071,2.829685177012482,0.019759446682173203,263,-0.0014189292162498646
pls,2,4804,1204,1204,856,1554,0.6149391717692555,0.017523364485981307,0.08995327102803738,67.73594070056727,0.006112527140564523,2.782027828074295,0.021700107802949595,264,-0.000933810282005787
pls,3,4804,1204,1204,903,1622,0.6204788026622223,0.03211517165005537,0.10077519379844961,68.2915618459014,0.006047928528548684,2.9417962881266635,0.02145623714616929,272,-0.0009112073612822513
pls,4,4810,1202,1202,899,1689,0.6123378744993521,0.024471635150166853,0.08120133481646273,65.00602912771714,0.00632577162054359,2.8853402055530135,0.02184289956059224,276,-0.0005596798569988959
kernel,0,4810,1202,1202,873,1592,0.5178558372241198,0.024054982817869417,0.06987399770904926,65.95337276566013,0.0061400565409729215,2.788189665758219,0.013716752203381456,268,-0.03713870544524589
kernel,1,4804,1204,1204,866,1517,0.521260095385162,0.013856812933025405,0.06581986143187067,73.81238760059864,0.005898087884231071,2.7712561530627178,0.013007602165653316,263,-0.04057753683627996
kernel,2,4804,1204,1204,856,1554,0.4892744924266838,0.018691588785046728,0.06191588785046729,68.15618223553712,0.006112527140564523,2.7623160101693425,0.015360665600600955,264,-0.03717816729262813
kernel,3,4804,1204,1204,903,1622,0.5122607182407847,0.02547065337763012,0.059800664451827246,70.0044882981788,0.006047928528548684,2.757861288441871,0.015428570029489915,272,-0.036909006393272215
kernel,4,4810,1202,1202,899,1689,0.5240953461308311,0.02224694104560623,0.06229143492769744,64.76825718340804,0.00632577162054359,2.803242082347053,0.01405068054948749,276,-0.03391271241641092
position,0,4810,1202,1202,873,1592,0.6268361552415074,0.008018327605956471,0.03665521191294387,59.1899827934985,0.0061400565409729215,0.6603817793810572,0.0013362236637535282,268,-0.09374003218360438
position,1,4804,1204,1204,866,1517,0.6322102573212895,0.005773672055427252,0.03117782909930716,58.67696758221046,0.005898087884231071,0.682713417601529,0.0010800400299397748,263,-0.10070918053149391
position,2,4804,1204,1204,856,1554,0.6471425502202169,0.004672897196261682,0.028037383177570093,60.37228756126907,0.006112527140564523,0.7201686726535171,-0.0010378157917558513,264,-0.0873220210899337
position,3,4804,1204,1204,903,1622,0.6065753505296114,0.006644518272425249,0.03433001107419712,59.666767477842775,0.006047928528548684,0.7881367011245202,-0.0007436036981785225,272,-0.0783138648606807
position,4,4810,1202,1202,899,1689,0.6115449142244591,0.0033370411568409346,0.030033370411568408,57.39139614182867,0.00632577162054359,0.7668671429068179,-0.000692371643440926,276,-0.07984408919501718
matched_filter,0,4810,1202,1202,873,1592,0.581088514955591,0.020618556701030927,0.06643757159221077,68.2359515490573,0.0061400565409729215,2.966020116217939,0.017490866205195077,268,-0.01314025344526848
matched_filter,1,4804,1204,1204,866,1517,0.5770546073219728,0.013856812933025405,0.07043879907621248,73.66154557468758,0.005898087884231071,3.177930805453855,0.017720259521715947,263,-0.01233920336658878
matched_filter,2,4804,1204,1204,856,1554,0.5929862901493179,0.010514018691588784,0.06425233644859812,68.74746466361269,0.006112527140564523,3.062787333344649,0.019369490929773768,264,-0.011844974584173329
matched_filter,3,4804,1204,1204,903,1622,0.5733214865178089,0.017718715393133997,0.0664451827242525,69.57068112426828,0.006047928528548684,3.0582475824474487,0.018152841542087263,272,-0.011033493945035833
matched_filter,4,4810,1202,1202,899,1689,0.5827340242366839,0.01668520578420467,0.07341490545050056,66.77998645951946,0.00632577162054359,3.130785735224526,0.017485835043416074,276,-0.011523886210928369
softmax,0,4810,1202,1202,873,1592,0.5958700216212829,0.0057273768613974796,0.035509736540664374,74.47829840987121,0.0061400565409729215,2.845659139813849,0.006006515808529637,268,-0.022323007993178656
softmax,1,4804,1204,1204,866,1517,0.617144047993222,0.011547344110854504,0.03695150115473441,75.59410502024286,0.005898087884231071,2.942035648036663,0.00846827986729337,263,-0.02083749802550261
softmax,2,4804,1204,1204,856,1554,0.5908193683532066,0.0035046728971962616,0.030373831775700934,74.63642458443313,0.006112527140564523,3.002444519735149,0.00726303991891542,264,-0.022388698701435006
softmax,3,4804,1204,1204,903,1622,0.6029808353844512,0.014396456256921373,0.046511627906976744,76.76463277038664,0.006047928528548684,2.956500277496142,0.013183123354939992,272,-0.019709373545145903
softmax,4,4810,1202,1202,899,1689,0.5864859010928902,0.008898776418242492,0.03781979977753059,73.6548588887366,0.00632577162054359,2.944668720604982,0.009252492536283886,276,-0.021690274121913378
glm_map,0,4810,1202,1202,873,1592,0.5214524209917937,0.014891179839633447,0.041237113402061855,96.89097254810939,0.0061400565409729215,0.19381209213070097,0.03707120922216129,268,-484.3219160211587
glm_map,1,4804,1204,1204,866,1517,0.5077380871038714,0.012702078521939953,0.04157043879907621,99.38421435031178,0.005898087884231071,0.05626648452765811,0.07802518438874456,263,-603.9669736808398
glm_map,2,4804,1204,1204,856,1554,0.5131223815662261,0.016355140186915886,0.04205607476635514,98.2627239853174,0.006112527140564523,0.07105552705209284,0.06194678672884285,264,-523.5964462573422
glm_map,3,4804,1204,1204,903,1622,0.5175402773332156,0.014396456256921373,0.042081949058693245,99.58763561722107,0.006047928528548684,0.06016736373207636,0.05846108608806597,272,-648.9429715157154
glm_map,4,4810,1202,1202,899,1689,0.520883122795038,0.011123470522803115,0.034482758620689655,97.39003569467829,0.00632577162054359,0.0881741507932264,0.038842530684176466,276,-714.4992531165559
