subject,n_clusters,n_spikes,duration_s,mean_firing_rate,n_anatomical,n_quality,n_functional,responsiveness_rate,mean_visual_modulation,n_grating_trials,n_conditions,n_flashes,n_sig_regression,median_r2_cv,side_decoding_acc,side_decoding_null_mean,side_decoding_null_p95,side_decoding_n,n_sig_rf,rf_fraction,rf_fraction_iso,pca_evr_pc1,pca_evr_pc1_2,discriminability
Cori,1106.6666666666667,12766509.0,1191.963208857454,9.771450885065347,387.6666666666667,73.33333333333333,34.0,0.5977680049179552,0.3464837070694382,215.33333333333334,16.0,7992.333333333333,7.333333333333333,-0.0512343198366933,0.6739123953675037,0.5118450865726407,0.6065354317165461,90.33333333333333,16.666666666666668,0.5582399626517273,0.0,0.20668089730648484,0.2832191184086133,0.0448138608573882
Forssmann,1526.5,9967979.5,1163.0121233992984,5.759810109226949,88.5,33.75,21.5,0.2614451185879757,0.5122204658207852,254.75,16.0,12927.75,0.5,-0.04538301550916195,0.5535714285714285,0.5124886904761905,0.6279255952380952,75.0,0.0,0.0,0.0,0.18631957492587742,0.2677616238604351,0.01597313454126895
Hench,1517.75,15589761.75,1358.8314698725096,7.846884082662585,228.75,80.5,48.5,0.523780000292253,0.4682031448425346,334.25,16.0,12903.5,28.333333333333332,-0.0027578947635607995,0.774996484996485,0.5184421411921412,0.5943416583416582,159.66666666666666,14.666666666666666,0.22585485272052433,0.0,0.139756103846389,0.179246611967382,0.11307842679722546
Lederberg,1128.142857142857,11441657.57142857,1198.635817562971,8.379321020120413,55.714285714285715,24.142857142857142,10.428571428571429,0.20077541506112934,0.5039890386379048,294.2857142857143,16.0,12884.714285714286,17.5,-0.02519798817244985,0.7267833615659702,0.5048202051571616,0.6002437417654808,110.0,18.5,0.30327868852459017,0.0,0.1662232949990945,0.2678876557413409,0.09299657262210301
Moniz,915.0,12023869.333333334,891.4888591012347,16.58728553466154,162.66666666666666,36.333333333333336,16.0,0.29245283018867924,0.3894211352198676,186.33333333333334,16.0,12826.666666666666,16.0,0.009273355031078151,0.7157142857142857,0.5401107142857142,0.6388452380952381,87.5,11.5,0.4107142857142857,0.0,0.2313345631876053,0.30514179284544407,0.12620321046292324
Muller,1330.0,9277597.333333334,1191.5323064913853,6.70186789354604,249.33333333333334,42.0,21.666666666666668,0.34987468671679195,0.3055035423504629,250.33333333333334,16.0,10680.666666666666,15.5,-0.0455196158791458,0.8175189393939394,0.5099457630742913,0.6208053824535679,109.0,16.5,0.2796610169491525,0.0,0.17284879679160076,0.30159411838032946,0.1826629507401667
Radnitz,1137.0,11328201.8,923.4994289301203,11.890794706537957,123.8,36.8,22.0,0.5441256830601093,0.5472526198560017,179.6,15.6,10600.8,17.5,0.008151535105406026,0.8067247664616086,0.5251099168375484,0.6400177432216905,80.5,7.5,0.33854166666666663,0.0,0.17353696869169877,0.25454760289211864,0.14963402881733523
Richards,1054.4,7998119.4,823.4277531108143,9.797261133661298,6.6,2.8,0.2,0.01428571428571428,0.7142850040823387,207.0,16.0,12892.4,,,,,,,,,,,,
Tatum,1445.5,12902508.0,1108.1297171351384,8.787587491635907,83.5,32.0,17.75,0.3633637548891786,0.3797362500987702,224.0,16.0,12785.25,1.0,-0.03987005245833275,0.5910526315789473,0.5037763157894737,0.6021052631578947,98.0,0.0,0.0,0.0,0.12469650903693645,0.1887396784260355,0.0055666123555382
Theiler,1793.0,9265781.0,1304.610028609701,3.961147633949067,234.0,93.0,42.0,0.4516129032258064,0.5894732972001998,337.0,13.0,12915.0,16.0,-0.0218386467888287,0.7547692307692307,0.5033676923076924,0.5963076923076922,126.0,0.0,0.0,0.0,0.1364706275547237,0.1930630120821585,0.1608072727252961
