,count,mean,std,min,50%,max
n_clusters,39.0,1247.7179487179487,311.8485587857256,727.0,1228.0,2073.0
n_spikes,39.0,11334202.923076924,3873637.8527578022,4703292.0,10446604.0,24070390.0
duration_s,39.0,1096.7831545316199,324.21947676004646,551.7874034809319,1120.3365854696724,2077.6857062766376
mean_firing_rate,39.0,9.226041375633555,4.364294769251452,3.961147633949067,7.966891759163997,24.90551086001046
n_anatomical,39.0,135.33333333333334,142.40496985216666,0.0,119.0,552.0
n_quality,39.0,38.46153846153846,44.236711447350075,0.0,24.0,173.0
n_functional,39.0,20.307692307692307,24.755811487995093,0.0,8.0,76.0
responsiveness_rate,39.0,0.3324035860495061,0.3392790528442399,0.0,0.2702702702702703,1.0
mean_visual_modulation,24.0,0.45842897872644667,0.14782391103472742,0.0986506629930479,0.4958505139717412,0.7142850040823387
n_grating_trials,39.0,244.56410256410257,81.36008166164292,109.0,242.0,441.0
n_conditions,39.0,15.871794871794872,0.5702948073947636,13.0,16.0,16.0
n_flashes,39.0,12039.461538461539,1496.9047511475462,7962.0,12836.0,13163.0
n_sig_regression,21.0,14.0,13.232535660258014,0.0,12.0,47.0
median_r2_cv,21.0,-0.02117160876876149,0.03376661515624778,-0.0812099345600575,-0.0219064280695724,0.0532741025286809
side_decoding_acc,21.0,0.7208417253027035,0.12846675728560902,0.5166666666666666,0.6787878787878787,0.95625
side_decoding_null_mean,21.0,0.5160453533579951,0.017955950930002344,0.49915,0.5097229437229437,0.5766214285714285
side_decoding_null_p95,21.0,0.6161362084185533,0.022953916673636988,0.5897435897435898,0.6042105263157895,0.6672727272727272
side_decoding_n,21.0,102.71428571428571,36.47210284195697,51.0,99.0,195.0
n_sig_rf,21.0,10.333333333333334,12.705641791477255,0.0,3.0,37.0
rf_fraction,21.0,0.2711313854837847,0.31404163794020756,0.0,0.1875,0.8333333333333334
rf_fraction_iso,21.0,0.0,0.0,0.0,0.0,0.0
pca_evr_pc1,21.0,0.1729892849363033,0.058130411109371484,0.0964677671922155,0.1600981250739468,0.2841607701642419
pca_evr_pc1_2,21.0,0.2505190644421804,0.08265646390131637,0.1329294026279343,0.2437911594476556,0.4469864757204302
discriminability,21.0,0.09903929582868945,0.07501321841856876,-0.0030326564367684,0.0808302023735839,0.2083034488060972
