session,session_label,subject,date,number,n_clusters,n_spikes,duration_s,mean_firing_rate,n_anatomical,n_quality,n_functional,responsiveness_rate,mean_visual_modulation,n_grating_trials,n_conditions,n_flashes,n_sig_regression,median_r2_cv,side_decoding_acc,side_decoding_null_mean,side_decoding_null_p95,side_decoding_n,n_sig_rf,rf_fraction,rf_fraction_iso,pca_evr_pc1,pca_evr_pc1_2,discriminability
C:\Users\Administrator\Desktop\compneuro\Steinmetz_Vision_PCA\Steinmetz_et_al_2019_9974357\nicklab\Subjects\Cori\2016-12-14\001,Cori 2016-12-14,Cori,2016-12-14,001,1085,10017476,1067.1168706451456,8.652001508149475,220,42,34,0.8095238095238095,0.3494138353875198,201,16,7962,8.0,-0.0610102149189852,0.5888888888888888,0.5031111111111112,0.5987254901960783,87.0,28.0,0.8235294117647058,0.0,0.2841607701642419,0.3455739840599983,0.0440138175243971
C:\Users\Administrator\Desktop\compneuro\Steinmetz_Vision_PCA\Steinmetz_et_al_2019_9974357\nicklab\Subjects\Cori\2016-12-17\001,Cori 2016-12-17,Cori,2016-12-17,001,1146,10379618,1315.6019986743052,6.884497210273364,552,19,12,0.631578947368421,0.2857704571272311,229,16,8037,2.0,-0.0527514681823328,0.5857894736842105,0.5038947368421052,0.5967631578947367,99.0,7.0,0.5833333333333334,0.0,0.220041312968565,0.3345482118979437,0.0533136864158072
C:\Users\Administrator\Desktop\compneuro\Steinmetz_Vision_PCA\Steinmetz_et_al_2019_9974357\nicklab\Subjects\Cori\2016-12-18\001,Cori 2016-12-18,Cori,2016-12-18,001,1089,17902433,1193.1707572529112,13.777853936773203,391,159,56,0.3522012578616352,0.4042668286935637,216,16,7978,12.0,-0.0399412764087619,0.8470588235294116,0.5285294117647059,0.6241176470588233,85.0,15.0,0.2678571428571428,0.0,0.1158406087866476,0.169535159267898,0.0371140786319603
C:\Users\Administrator\Desktop\compneuro\Steinmetz_Vision_PCA\Steinmetz_et_al_2019_9974357\nicklab\Subjects\Forssmann\2017-11-01\001,Forssmann 2017-11-01,Forssmann,2017-11-01,001,2073,13285502,1139.707779327632,5.623221028098856,157,37,10,0.2702702702702703,0.4928215986249712,241,16,13009,0.0,-0.05042352503654,0.5166666666666666,0.5193583333333334,0.6233749999999999,77.0,0.0,0.0,0.0,0.212541024777808,0.3327462795793678,0.0039567471600596
C:\Users\Administrator\Desktop\compneuro\Steinmetz_Vision_PCA\Steinmetz_et_al_2019_9974357\nicklab\Subjects\Forssmann\2017-11-02\001,Forssmann 2017-11-02,Forssmann,2017-11-02,001,1569,10446604,1130.649038514972,5.888766998084732,197,98,76,0.7755102040816326,0.5316193330165992,246,16,12848,1.0,-0.0403425059817839,0.5904761904761904,0.5056190476190476,0.6324761904761905,73.0,0.0,0.0,0.0,0.1600981250739468,0.2027769681415024,0.0279895219224783
C:\Users\Administrator\Desktop\compneuro\Steinmetz_Vision_PCA\Steinmetz_et_al_2019_9974357\nicklab\Subjects\Forssmann\2017-11-04\001,Forssmann 2017-11-04,Forssmann,2017-11-04,001,1435,8232865,1303.200661758313,4.402382780844616,0,0,0,0.0,,288,16,12898,,,,,,,,,,,,
C:\Users\Administrator\Desktop\compneuro\Steinmetz_Vision_PCA\Steinmetz_et_al_2019_9974357\nicklab\Subjects\Forssmann\2017-11-05\001,Forssmann 2017-11-05,Forssmann,2017-11-05,001,1029,7906947,1078.4910139962765,7.124869629879592,0,0,0,0.0,,244,16,12956,,,,,,,,,,,,
C:\Users\Administrator\Desktop\compneuro\Steinmetz_Vision_PCA\Steinmetz_et_al_2019_9974357\nicklab\Subjects\Hench\2017-06-15\001,Hench 2017-06-15,Hench,2017-06-15,001,1707,19444061,970.9978683849388,11.73100384810079,182,71,63,0.8873239436619719,0.5054087123893941,223,16,13001,47.0,0.0294805802277079,0.8510822510822511,0.5097229437229437,0.599090909090909,107.0,22.0,0.3492063492063492,0.0,0.2158574190366445,0.254931394749887,0.2012386961827657
C:\Users\Administrator\Desktop\compneuro\Steinmetz_Vision_PCA\Steinmetz_et_al_2019_9974357\nicklab\Subjects\Hench\2017-06-16\001,Hench 2017-06-16,Hench,2017-06-16,001,1364,14990740,1425.5039414725834,7.709749705091742,220,78,64,0.8205128205128205,0.5252910280042205,350,16,12913,15.0,-0.0219064280695724,0.796984126984127,0.5219880952380952,0.594190476190476,177.0,0.0,0.0,0.0,0.0964677671922155,0.1329294026279343,0.0571663818353268
C:\Users\Administrator\Desktop\compneuro\Steinmetz_Vision_PCA\Steinmetz_et_al_2019_9974357\nicklab\Subjects\Hench\2017-06-17\001,Hench 2017-06-17,Hench,2017-06-17,001,1591,17835180,1719.6917203007197,6.518635791027461,513,173,67,0.3872832369942196,0.3739096941339894,430,16,12705,23.0,-0.0158478364488179,0.676923076923077,0.5236153846153846,0.5897435897435898,195.0,22.0,0.3283582089552239,0.0,0.106943125310307,0.1498790385243247,0.0808302023735839
C:\Users\Administrator\Desktop\compneuro\Steinmetz_Vision_PCA\Steinmetz_et_al_2019_9974357\nicklab\Subjects\Hench\2017-06-18\001,Hench 2017-06-18,Hench,2017-06-18,001,1409,10089066,1319.1323493317966,5.428146986430347,0,0,0,0.0,,334,16,12995,,,,,,,,,,,,
C:\Users\Administrator\Desktop\compneuro\Steinmetz_Vision_PCA\Steinmetz_et_al_2019_9974357\nicklab\Subjects\Lederberg\2017-12-05\001,Lederberg 2017-12-05,Lederberg,2017-12-05,001,1219,11757530,1343.4419632287004,7.179488104993668,223,78,61,0.782051282051282,0.5303622999240445,327,16,12975,34.0,-0.004211755556257,0.8648221343873518,0.5048438735177865,0.6039723320158102,111.0,37.0,0.6065573770491803,0.0,0.1439691860297229,0.1997967784923197,0.1664835882589368
C:\Users\Administrator\Desktop\compneuro\Steinmetz_Vision_PCA\Steinmetz_et_al_2019_9974357\nicklab\Subjects\Lederberg\2017-12-06\001,Lederberg 2017-12-06,Lederberg,2017-12-06,001,1262,24070390,1199.0909594920097,15.90639062097458,48,14,8,0.5714285714285714,0.5894032756166425,291,16,12860,1.0,-0.0461842207886427,0.5887445887445887,0.5047965367965368,0.5965151515151513,109.0,0.0,0.0,0.0,0.1884774039684661,0.3359785329903621,0.0195095569852692
C:\Users\Administrator\Desktop\compneuro\Steinmetz_Vision_PCA\Steinmetz_et_al_2019_9974357\nicklab\Subjects\Lederberg\2017-12-07\001,Lederberg 2017-12-07,Lederberg,2017-12-07,001,1228,7867367,1014.3665820281916,6.315912575368875,119,77,4,0.0519480519480519,0.3922015403730274,256,16,13163,,,,,,,,,,,,
C:\Users\Administrator\Desktop\compneuro\Steinmetz_Vision_PCA\Steinmetz_et_al_2019_9974357\nicklab\Subjects\Lederberg\2017-12-08\001,Lederberg 2017-12-08,Lederberg,2017-12-08,001,1134,12786318,1649.2971533138557,6.836495579803518,0,0,0,0.0,,397,16,12848,,,,,,,,,,,,
C:\Users\Administrator\Desktop\compneuro\Steinmetz_Vision_PCA\Steinmetz_et_al_2019_9974357\nicklab\Subjects\Lederberg\2017-12-09\001,Lederberg 2017-12-09,Lederberg,2017-12-09,001,977,7295072,1134.452420806308,6.581861399212495,0,0,0,0.0,,265,16,12836,,,,,,,,,,,,
C:\Users\Administrator\Desktop\compneuro\Steinmetz_Vision_PCA\Steinmetz_et_al_2019_9974357\nicklab\Subjects\Lederberg\2017-12-10\001,Lederberg 2017-12-10,Lederberg,2017-12-10,001,727,5724792,844.1049839002987,9.328865607269725,0,0,0,0.0,,213,16,12712,,,,,,,,,,,,
C:\Users\Administrator\Desktop\compneuro\Steinmetz_Vision_PCA\Steinmetz_et_al_2019_9974357\nicklab\Subjects\Lederberg\2017-12-11\001,Lederberg 2017-12-11,Lederberg,2017-12-11,001,1350,10590134,1205.6966601714328,6.506233253220028,0,0,0,0.0,,311,16,12799,,,,,,,,,,,,
C:\Users\Administrator\Desktop\compneuro\Steinmetz_Vision_PCA\Steinmetz_et_al_2019_9974357\nicklab\Subjects\Moniz\2017-05-15\001,Moniz 2017-05-15,Moniz,2017-05-15,001,806,12412636,1116.1151100488914,13.79812231311483,232,53,20,0.3773584905660377,0.3252884429139955,225,16,12491,8.0,-0.0347273924665246,0.6676190476190477,0.5766214285714285,0.6471666666666667,102.0,0.0,0.0,0.0,0.1791282449646243,0.2637612411816566,0.0441029721197493
C:\Users\Administrator\Desktop\compneuro\Steinmetz_Vision_PCA\Steinmetz_et_al_2019_9974357\nicklab\Subjects\Moniz\2017-05-16\001,Moniz 2017-05-16,Moniz,2017-05-16,001,1144,12733647,1006.564063773881,11.058223430859329,256,56,28,0.5,0.4535538275257397,225,16,13067,24.0,0.0532741025286809,0.7638095238095237,0.5036,0.6305238095238096,73.0,23.0,0.8214285714285714,0.0,0.2835408814105863,0.3465223445092315,0.2083034488060972
C:\Users\Administrator\Desktop\compneuro\Steinmetz_Vision_PCA\Steinmetz_et_al_2019_9974357\nicklab\Subjects\Moniz\2017-05-18\001,Moniz 2017-05-18,Moniz,2017-05-18,001,795,10925325,551.7874034809319,24.90551086001046,0,0,0,0.0,,109,16,12922,,,,,,,,,,,,
C:\Users\Administrator\Desktop\compneuro\Steinmetz_Vision_PCA\Steinmetz_et_al_2019_9974357\nicklab\Subjects\Muller\2017-01-07\001,Muller 2017-01-07,Muller,2017-01-07,001,1109,12132736,2077.6857062766376,5.2655937516479066,229,95,59,0.6210526315789474,0.5035501669997572,441,16,10650,30.0,-0.0098292971982341,0.95625,0.5054445564516129,0.5976713709677419,159.0,33.0,0.559322033898305,0.0,0.0978631314625683,0.1562017610402287,0.1826364388715442
C:\Users\Administrator\Desktop\compneuro\Steinmetz_Vision_PCA\Steinmetz_et_al_2019_9974357\nicklab\Subjects\Muller\2017-01-08\001,Muller 2017-01-08,Muller,2017-01-08,001,1455,8581188,669.952156337639,8.803201326465917,204,14,6,0.4285714285714285,0.1074569177011686,141,16,10644,1.0,-0.0812099345600575,0.6787878787878787,0.5144469696969697,0.6439393939393938,59.0,0.0,0.0,0.0,0.2478344621206332,0.4469864757204302,0.1826894626087892
C:\Users\Administrator\Desktop\compneuro\Steinmetz_Vision_PCA\Steinmetz_et_al_2019_9974357\nicklab\Subjects\Muller\2017-01-09\001,Muller 2017-01-09,Muller,2017-01-09,001,1426,7118868,826.9590568598792,6.036808602524296,315,17,0,0.0,,169,16,10748,,,,,,,,,,,,
C:\Users\Administrator\Desktop\compneuro\Steinmetz_Vision_PCA\Steinmetz_et_al_2019_9974357\nicklab\Subjects\Radnitz\2017-01-08\001,Radnitz 2017-01-08,Radnitz,2017-01-08,001,1266,12471057,1236.4616241760389,7.966891759163997,121,27,21,0.7777777777777778,0.6330675103103229,253,16,10748,15.0,-0.0012264992659771,0.8066666666666666,0.5130238095238095,0.6110238095238094,103.0,7.0,0.3333333333333333,0.0,0.1468508304084054,0.2238250190283771,0.1187917361846204
C:\Users\Administrator\Desktop\compneuro\Steinmetz_Vision_PCA\Steinmetz_et_al_2019_9974357\nicklab\Subjects\Radnitz\2017-01-09\001,Radnitz 2017-01-09,Radnitz,2017-01-09,001,1161,7942033,846.7368496634801,8.07887720321583,186,24,24,1.0,0.5730153131795236,160,16,10595,21.0,0.0397630650704559,0.8714285714285713,0.5467857142857143,0.6571428571428571,70.0,20.0,0.8333333333333334,0.0,0.2325860431606618,0.3006077756700269,0.2071441172380372
C:\Users\Administrator\Desktop\compneuro\Steinmetz_Vision_PCA\Steinmetz_et_al_2019_9974357\nicklab\Subjects\Radnitz\2017-01-10\001,Radnitz 2017-01-10,Radnitz,2017-01-10,001,1251,14713566,1235.2694424924853,9.5213588554025,178,72,49,0.6805555555555556,0.4840482266156489,242,16,10584,28.0,0.0040022237541532,0.8778947368421053,0.524721052631579,0.6246315789473682,98.0,0.0,0.0,0.0,0.1707545604412819,0.2437911594476556,0.1570448575702326
C:\Users\Administrator\Desktop\compneuro\Steinmetz_Vision_PCA\Steinmetz_et_al_2019_9974357\nicklab\Subjects\Radnitz\2017-01-11\001,Radnitz 2017-01-11,Radnitz,2017-01-11,001,860,11899299,680.326192852675,20.337882520778955,134,61,16,0.2622950819672131,0.4988794293185112,131,14,10641,6.0,-0.0099326491370079,0.670909090909091,0.5159090909090909,0.6672727272727272,51.0,3.0,0.1875,0.0,0.1439564407564459,0.2499664574224149,0.1155554042764507
C:\Users\Administrator\Desktop\compneuro\Steinmetz_Vision_PCA\Steinmetz_et_al_2019_9974357\nicklab\Subjects\Radnitz\2017-01-12\001,Radnitz 2017-01-12,Radnitz,2017-01-12,001,1147,9615054,618.7030354659224,13.548963194128504,0,0,0,0.0,,112,16,10436,,,,,,,,,,,,
C:\Users\Administrator\Desktop\compneuro\Steinmetz_Vision_PCA\Steinmetz_et_al_2019_9974357\nicklab\Subjects\Richards\2017-10-29\001,Richards 2017-10-29,Richards,2017-10-29,001,1461,8816097,583.6159307344367,10.339487340804832,33,14,1,0.0714285714285714,0.7142850040823387,121,16,12944,,,,,,,,,,,,
C:\Users\Administrator\Desktop\compneuro\Steinmetz_Vision_PCA\Steinmetz_et_al_2019_9974357\nicklab\Subjects\Richards\2017-10-30\001,Richards 2017-10-30,Richards,2017-10-30,001,1251,9435789,824.9960949675055,9.142585241690435,0,0,0,0.0,,219,16,12848,,,,,,,,,,,,
C:\Users\Administrator\Desktop\compneuro\Steinmetz_Vision_PCA\Steinmetz_et_al_2019_9974357\nicklab\Subjects\Richards\2017-10-31\001,Richards 2017-10-31,Richards,2017-10-31,001,778,4703292,920.4806127955276,6.567615204307643,0,0,0,0.0,,248,16,12961,,,,,,,,,,,,
C:\Users\Administrator\Desktop\compneuro\Steinmetz_Vision_PCA\Steinmetz_et_al_2019_9974357\nicklab\Subjects\Richards\2017-11-01\001,Richards 2017-11-01,Richards,2017-11-01,001,854,8273284,667.7095415869288,14.50883292703187,0,0,0,0.0,,174,16,12790,,,,,,,,,,,,
C:\Users\Administrator\Desktop\compneuro\Steinmetz_Vision_PCA\Steinmetz_et_al_2019_9974357\nicklab\Subjects\Richards\2017-11-02\001,Richards 2017-11-02,Richards,2017-11-02,001,928,8762135,1120.3365854696724,8.427784954471713,0,0,0,0.0,,273,16,12919,,,,,,,,,,,,
C:\Users\Administrator\Desktop\compneuro\Steinmetz_Vision_PCA\Steinmetz_et_al_2019_9974357\nicklab\Subjects\Tatum\2017-12-06\001,Tatum 2017-12-06,Tatum,2017-12-06,001,1425,14204236,1455.624582176459,6.847840462667,114,39,25,0.6410256410256411,0.486555104731144,299,16,12812,1.0,-0.0325819390575292,0.63,0.49915,0.6,100.0,0.0,0.0,0.0,0.1126533701661602,0.1905285134638354,0.0141658811478448
C:\Users\Administrator\Desktop\compneuro\Steinmetz_Vision_PCA\Steinmetz_et_al_2019_9974357\nicklab\Subjects\Tatum\2017-12-07\001,Tatum 2017-12-07,Tatum,2017-12-07,001,1409,10298980,1217.0385881529005,6.005910737222455,112,59,44,0.7457627118644068,0.5540029825721188,245,16,12659,1.0,-0.0471581658591363,0.5521052631578947,0.5084026315789474,0.6042105263157895,96.0,0.0,0.0,0.0,0.1367396479077127,0.1869508433882356,-0.0030326564367684
C:\Users\Administrator\Desktop\compneuro\Steinmetz_Vision_PCA\Steinmetz_et_al_2019_9974357\nicklab\Subjects\Tatum\2017-12-08\001,Tatum 2017-12-08,Tatum,2017-12-08,001,1907,14072105,811.5467694742067,9.092740998643544,108,30,2,0.0666666666666666,0.0986506629930479,170,16,12902,,,,,,,,,,,,
C:\Users\Administrator\Desktop\compneuro\Steinmetz_Vision_PCA\Steinmetz_et_al_2019_9974357\nicklab\Subjects\Tatum\2017-12-09\001,Tatum 2017-12-09,Tatum,2017-12-09,001,1041,13034711,948.3089287369876,13.203857768010632,0,0,0,0.0,,182,16,12768,,,,,,,,,,,,
C:\Users\Administrator\Desktop\compneuro\Steinmetz_Vision_PCA\Steinmetz_et_al_2019_9974357\nicklab\Subjects\Theiler\2017-10-11\001,Theiler 2017-10-11,Theiler,2017-10-11,001,1793,9265781,1304.610028609701,3.961147633949067,234,93,42,0.4516129032258064,0.5894732972001998,337,13,12915,16.0,-0.0218386467888287,0.7547692307692307,0.5033676923076924,0.5963076923076922,126.0,0.0,0.0,0.0,0.1364706275547237,0.1930630120821585,0.1608072727252961
