trial_idx,onset,offset,contrast_left,contrast_right,response_choice,feedback,included,signed_contrast,abs_contrast,condition,stim_duration
0,65.26940832339372,66.2966245734908,1.0,0.0,1.0,1.0,True,-1.0,1.0,L1 R0,1.0272162500970836
1,71.2027029221732,72.07711673603126,0.0,0.5,-1.0,1.0,True,0.5,0.5,L0 R0.5,0.8744138138580553
2,76.05238024406377,76.87759327347834,1.0,0.5,1.0,1.0,True,-0.5,1.0,L1 R0.5,0.8252130294145701
3,81.23526287848605,81.99687489386396,0.0,0.0,0.0,1.0,True,0.0,0.0,L0 R0,0.7616120153779065
4,86.80095161626113,87.46296204361934,0.5,1.0,1.0,-1.0,True,0.5,1.0,L0.5 R1,0.6620104273582115
5,90.65061299417887,91.83743178893403,0.0,0.0,1.0,-1.0,True,0.0,0.0,L0 R0,1.1868187947551547
6,95.98429803295227,96.5723072804565,0.0,0.0,-1.0,-1.0,True,0.0,0.0,L0 R0,0.5880092475042318
7,99.55075489553691,100.15716443641023,0.0,0.0,-1.0,-1.0,True,0.0,0.0,L0 R0,0.6064095408733152
8,105.56645080809975,106.15766010662469,0.0,0.0,0.0,1.0,True,0.0,0.0,L0 R0,0.5912092985249444
9,111.0669385063278,112.1381554579597,1.0,0.5,1.0,1.0,True,-0.5,1.0,L1 R0.5,1.0712169516318966
10,115.98261688052057,116.62862705277522,0.5,0.0,1.0,1.0,True,-0.5,0.5,L0.5 R0,0.6460101722546483
11,123.71634018482871,124.89795889667519,0.0,0.0,0.0,1.0,True,0.0,0.0,L0 R0,1.1816187118464825
12,129.73243610376912,130.69845137809511,0.5,0.25,1.0,1.0,True,-0.25,0.5,L0.5 R0.25,0.9660152743259971
13,133.28249270487262,134.35330965012693,1.0,0.0,1.0,1.0,True,-1.0,1.0,L1 R0,1.0708169452543075
14,136.94895116185452,137.96816728439984,0.5,0.0,1.0,1.0,True,-0.5,0.5,L0.5 R0,1.0192161225453162
15,143.09784919815456,143.64425778238956,0.0,1.0,-1.0,1.0,True,1.0,1.0,L0 R1,0.5464085842349959
16,152.6972022475384,153.44401402694552,0.0,0.0,0.0,1.0,True,0.0,0.0,L0 R0,0.7468117794071247
17,161.33053989504447,162.31895552651542,1.0,1.0,-1.0,-1.0,True,0.0,1.0,L1 R1,0.9884156314709571
18,167.83024352449016,168.5986556482871,0.0,0.0,-1.0,-1.0,True,0.0,0.0,L0 R0,0.768412123796935
19,171.41270064217838,172.5343183973865,0.0,0.0,-1.0,-1.0,True,0.0,0.0,L0 R0,1.1216177552081206
20,175.4799654895046,176.5291820903691,0.0,0.0,0.0,1.0,True,0.0,0.0,L0 R0,1.0492166008644972
21,184.56291030542084,185.32972240370742,0.0,0.0,1.0,-1.0,True,0.0,0.0,L0 R0,0.7668120982865787
22,188.14496741673148,189.15458338621465,0.0,0.0,1.0,-1.0,True,0.0,0.0,L0 R0,1.0096159694831783
23,192.66223943884546,193.60505434327123,0.0,0.0,0.0,1.0,True,0.0,0.0,L0 R0,0.9428149044257736
24,199.02874094455396,199.8699542290721,0.5,0.0,1.0,1.0,True,-0.5,0.5,L0.5 R0,0.8412132845181475
25,203.3784102944581,204.27042438893008,0.0,0.0,1.0,-1.0,True,0.0,0.0,L0 R0,0.892014094471989
26,207.177270862422,207.7048791469103,0.0,0.0,0.0,1.0,True,0.0,0.0,L0 R0,0.5276082844882808
27,211.5773410159024,212.4053540899601,0.0,0.5,-1.0,1.0,True,0.5,0.5,L0 R0.5,0.8280130740577079
28,215.71020690915324,216.53461992581262,0.5,0.25,1.0,1.0,True,-0.25,0.5,L0.5 R0.25,0.8244130166593777
29,222.42711400162983,222.95512229249567,0.25,1.0,-1.0,1.0,True,0.75,1.0,L0.25 R1,0.5280082908658414
30,231.42685749100752,232.42047320538714,0.25,1.0,-1.0,1.0,True,0.75,1.0,L0.25 R1,0.9936157143796152
31,236.19333348635953,236.7553423193205,0.0,0.0,0.0,1.0,True,0.0,0.0,L0 R0,0.56200883296097
32,243.708653308504,244.6558682830833,1.0,0.5,-1.0,-1.0,True,-0.5,1.0,L1 R0.5,0.9472149745792819
33,247.6751165486778,248.46072894671104,0.5,0.0,1.0,1.0,True,-0.5,0.5,L0.5 R0,0.785612398033237
34,253.5088095594376,254.38562341156117,0.0,0.0,-1.0,-1.0,True,0.0,0.0,L0 R0,0.8768138521235755
35,257.42447198965755,257.9112796236317,0.0,0.0,0.0,1.0,True,0.0,0.0,L0 R0,0.48680763397413784
36,269.59146597678597,270.1214742995397,0.0,0.0,0.0,1.0,True,0.0,0.0,L0 R0,0.5300083227537584
37,274.15753877696585,275.00635218265813,0.0,0.25,-1.0,1.0,True,0.25,0.25,L0 R0.25,0.8488134056922831
38,278.7908126485807,279.7508278272428,0.5,1.0,-1.0,1.0,True,0.5,1.0,L0.5 R1,0.9600151786621041
39,283.3236849194206,284.44130261085286,0.25,0.0,1.0,1.0,True,-0.25,0.25,L0.25 R0,1.1176176914322582
40,294.8226682559752,295.3266761641857,1.0,0.25,1.0,1.0,True,-0.75,1.0,L1 R0.25,0.5040079082104967
41,298.9063333647826,299.95714999115745,0.0,0.5,-1.0,1.0,True,0.5,0.5,L0 R0.5,1.0508166263748535
42,303.5888080208409,304.50642252347853,0.0,1.0,-1.0,1.0,True,1.0,1.0,L0 R1,0.9176145026376616
43,307.88927658630155,308.6524886271898,0.0,0.0,-1.0,-1.0,True,0.0,0.0,L0 R0,0.763212040888277
44,313.6545685064936,314.17177662516457,0.0,0.0,0.0,1.0,True,0.0,0.0,L0 R0,0.5172081186709647
45,318.1710405158524,318.68744862176817,0.0,0.5,-1.0,1.0,True,0.5,0.5,L0 R0.5,0.5164081059157866
46,322.5543104014741,323.5523261860071,0.0,1.0,-1.0,1.0,True,1.0,1.0,L0 R1,0.9980157845330382
47,330.9204437887506,331.60205452861067,0.5,0.0,1.0,1.0,True,-0.5,0.5,L0.5 R0,0.6816107398600479
48,335.13771102767276,335.6881196756836,0.25,0.25,-1.0,1.0,True,0.0,0.25,L0.25 R0.25,0.5504086480108299
49,339.46978009696295,340.51299660216364,0.5,0.0,1.0,1.0,True,-0.5,0.5,L0.5 R0,1.0432165052006894
50,346.487091979009,347.4123066028208,0.0,1.0,-1.0,1.0,True,1.0,1.0,L0 R1,0.9252146238118257
51,351.86917778947065,352.58838912882413,0.0,0.0,-1.0,-1.0,True,0.0,0.0,L0 R0,0.7192113393534783
52,356.1188455449775,356.7576556024356,0.0,0.0,0.0,1.0,True,0.0,0.0,L0 R0,0.6388100574581017
53,364.619381075124,365.68259789920415,1.0,0.25,1.0,1.0,True,-0.75,1.0,L1 R0.25,1.0632168240801434
54,369.03505147733034,369.54305944931673,0.5,0.5,1.0,1.0,True,0.0,0.5,L0.5 R0.5,0.5080079719863875
55,374.1847335824128,375.1579489715353,0.5,0.5,-1.0,1.0,True,0.0,0.5,L0.5 R0.5,0.9732153891225153
56,378.3343997435224,379.40281665051106,0.0,0.25,-1.0,1.0,True,0.25,0.25,L0 R0.25,1.0684169069886593
57,383.0516749544309,384.078891204528,0.0,1.0,-1.0,1.0,True,1.0,1.0,L0 R1,1.0272162500971262
58,387.8181509497829,388.3933599932043,0.0,0.5,-1.0,1.0,True,0.5,0.5,L0 R0.5,0.5752090434214097
59,393.0338341071675,393.78384593759534,0.5,0.5,-1.0,-1.0,True,0.0,0.5,L0.5 R0.5,0.7500118304278658
60,397.34990292135416,398.37871919696164,0.25,1.0,-1.0,1.0,True,0.75,1.0,L0.25 R1,1.0288162756074826
61,401.61717095747497,402.53358544097983,0.0,1.0,-1.0,1.0,True,1.0,1.0,L0 R1,0.916414483504866
62,405.9996408303414,406.98405639803644,0.0,0.0,0.0,1.0,True,0.0,0.0,L0 R0,0.9844155676950663
63,410.8161176228921,411.804533254363,0.0,0.5,-1.0,1.0,True,0.5,0.5,L0 R0.5,0.9884156314709003
64,415.615794147584,416.18380307620873,1.0,0.0,1.0,1.0,True,-1.0,1.0,L1 R0,0.5680089286247494
65,419.4322549961618,420.3694698113013,0.0,0.5,-1.0,1.0,True,0.5,0.5,L0 R0.5,0.9372148151394981
66,424.2819323180524,425.4343505643348,0.25,0.25,-1.0,-1.0,True,0.0,0.25,L0.25 R0.25,1.1524182462824228
67,428.7148029944951,429.64481769483797,0.0,0.0,0.0,1.0,True,0.0,0.0,L0 R0,0.9300147003428947
68,433.76528351793536,434.7040983585852,0.0,1.0,-1.0,1.0,True,1.0,1.0,L0 R1,0.9388148406498544
69,439.1985701447284,439.8401802468296,0.0,0.5,0.0,-1.0,True,0.5,0.5,L0 R0.5,0.6416101021011968
70,443.6974418734733,444.4850543033945,1.0,0.0,1.0,1.0,True,-1.0,1.0,L1 R0,0.7876124299212393
71,448.5479192081191,449.4543335321842,0.0,0.25,-1.0,1.0,True,0.25,0.25,L0 R0.25,0.9064143240651106
72,452.49758218043405,453.1243920465644,1.0,0.25,1.0,1.0,True,-0.75,1.0,L1 R0.25,0.6268098661303725
73,456.6972491387422,457.87966786334397,0.5,1.0,-1.0,1.0,True,0.5,1.0,L0.5 R1,1.182418724601746
74,461.26292193254454,462.43974056786,0.0,1.0,-1.0,1.0,True,1.0,1.0,L0 R1,1.176818635315442
75,465.2469854533323,465.7957940758327,1.0,0.0,1.0,1.0,True,-1.0,1.0,L1 R0,0.5488086225004167
76,468.9302441781729,469.52025345756505,1.0,1.0,-1.0,-1.0,True,0.0,1.0,L1 R1,0.5900092793921203
77,473.6463193699486,474.4599322144132,0.0,0.25,-1.0,1.0,True,0.25,0.25,L0 R0.25,0.8136128444645578
78,477.195575958297,478.069989772155,0.0,0.5,-1.0,1.0,True,0.5,0.5,L0 R0.5,0.8744138138579842
79,480.9460357545726,481.45044366916073,0.0,0.0,0.0,1.0,True,0.0,0.0,L0 R0,0.5044079145881142
80,486.21251972191106,486.87093009187095,0.25,1.0,0.0,-1.0,True,0.75,1.0,L0.25 R1,0.6584103699598813
81,492.71142333860155,493.2558318909485,0.25,1.0,1.0,-1.0,True,0.75,1.0,L0.25 R1,0.5444085523469653
82,497.1110934857043,498.2663117766299,0.25,1.0,-1.0,1.0,True,0.75,1.0,L0.25 R1,1.1552182909255748
83,502.11077319919076,502.6911823255208,0.0,1.0,-1.0,1.0,True,1.0,1.0,L0 R1,0.5804091263300393
84,509.0104832062256,509.9560981552945,1.0,0.25,1.0,1.0,True,-0.75,1.0,L1 R0.25,0.9456149490688972
85,513.1441491122316,514.2065659235566,0.5,0.0,0.0,-1.0,True,-0.5,0.5,L0.5 R0,1.0624168113249652
86,518.1106282963782,518.9714418933982,0.0,0.0,0.0,1.0,True,0.0,0.0,L0 R0,0.8608135970199555
87,523.5095143746986,524.09632360307,0.5,0.0,1.0,1.0,True,-0.5,0.5,L0.5 R0,0.5868092283714077
88,527.0595709758021,527.9507850575189,0.0,0.5,-1.0,1.0,True,0.5,0.5,L0 R0.5,0.8912140817168392
89,531.859247500494,532.8868637569688,0.5,0.0,1.0,1.0,True,-0.5,0.5,L0.5 R0,1.0276162564747438
90,538.0097455623044,538.8465587766691,1.0,0.0,1.0,1.0,True,-1.0,1.0,L1 R0,0.8368132143647244
91,542.3594149122085,543.3166300462275,0.25,0.5,1.0,-1.0,True,0.25,0.5,L0.25 R0.5,0.9572151340189521
92,548.7091161500582,549.2971253975625,0.5,0.0,1.0,1.0,True,-0.5,0.5,L0.5 R0,0.5880092475042602
93,552.257972732029,553.3519900471836,0.5,0.0,0.0,-1.0,True,-0.5,0.5,L0.5 R0,1.0940173151545878
94,558.1408665272322,559.0024801370075,0.0,0.5,-1.0,1.0,True,0.5,0.5,L0 R0.5,0.8616136097753042
95,562.374134021258,563.2317475672573,1.0,0.0,1.0,1.0,True,-1.0,1.0,L1 R0,0.8576135459993566
96,565.9737914131824,567.0722087984905,0.0,1.0,-1.0,1.0,True,1.0,1.0,L0 R1,1.0984173853080392
97,570.7070668791946,571.2422752848572,0.25,1.0,0.0,-1.0,True,0.75,1.0,L0.25 R1,0.5352084056626154
98,575.189938352836,575.8327484740698,0.25,1.0,1.0,-1.0,True,0.75,1.0,L0.25 R1,0.6428101212338788
99,578.823196280478,579.3924052282355,0.25,1.0,0.0,-1.0,True,0.75,1.0,L0.25 R1,0.5692089477574882
100,583.5564717464899,584.6780895016982,0.25,1.0,-1.0,1.0,True,0.75,1.0,L0.25 R1,1.1216177552082627
101,588.4565498719569,589.4473655416934,1.0,0.0,1.0,1.0,True,-1.0,1.0,L1 R0,0.9908156697365484
102,593.7722346237388,594.573447270498,0.0,1.0,-1.0,1.0,True,1.0,1.0,L0 R1,0.801212646759268
103,597.388692283522,598.4583092096436,0.0,1.0,0.0,-1.0,True,1.0,1.0,L0 R1,1.0696169261216255
104,603.0559826412048,604.0631985724224,0.0,1.0,-1.0,1.0,True,1.0,1.0,L0 R1,1.0072159312176154
105,609.1548798803062,610.3036980691904,0.0,0.0,0.0,1.0,True,0.0,0.0,L0 R0,1.1488181888842064
106,614.4213638476444,615.3485785033445,0.0,1.0,-1.0,1.0,True,1.0,1.0,L0 R1,0.9272146557000269
107,618.9210355891446,619.96345208159,0.0,1.0,0.0,-1.0,True,1.0,1.0,L0 R1,1.0424164924454544
108,625.0215328537563,625.7083436765251,0.0,1.0,-1.0,1.0,True,1.0,1.0,L0 R1,0.6868108227688481
109,630.2036154754235,630.9832277777928,0.0,0.0,0.0,1.0,True,0.0,0.0,L0 R0,0.7796123023692871
110,635.5709010499145,636.6393179569031,0.25,0.25,0.0,-1.0,True,0.0,0.25,L0.25 R0.25,1.0684169069886593
111,640.5369802276832,641.1885904892242,0.25,1.0,0.0,-1.0,True,0.75,1.0,L0.25 R1,0.6516102615410091
112,647.4702907704357,647.9990990740566,0.25,1.0,0.0,-1.0,True,0.75,1.0,L0.25 R1,0.5288083036209628
113,653.0195792467296,653.7895913960369,0.25,1.0,0.0,-1.0,True,0.75,1.0,L0.25 R1,0.7700121493073766
114,658.2028618875295,658.7044697574745,0.25,1.0,-1.0,1.0,True,0.75,1.0,L0.25 R1,0.501607869945019
115,662.2185259121468,663.0637392604408,0.0,0.0,0.0,1.0,True,0.0,0.0,L0 R0,0.8452133482940098
116,667.0522029789336,668.0042180300441,0.5,0.25,1.0,1.0,True,-0.25,0.5,L0.5 R0.25,0.952015051110493
117,671.2186694079021,672.2242853136092,0.5,0.0,1.0,1.0,True,-0.5,0.5,L0.5 R0,1.0056159057071454
118,680.2676136817231,681.3196303272307,0.0,0.0,0.0,1.0,True,0.0,0.0,L0 R0,1.0520166455075923
119,685.1680918135676,685.9845047026752,0.5,0.0,1.0,1.0,True,-0.5,0.5,L0.5 R0,0.8164128891075961
120,689.7177643522662,690.5249770946893,0.0,0.25,0.0,-1.0,True,0.25,0.25,L0 R0.25,0.8072127424231894
121,694.8334459152536,695.4354553859735,0.5,0.0,1.0,1.0,True,-0.5,0.5,L0.5 R0,0.6020094707198496
122,698.7167078288887,699.4647196274286,0.0,1.0,-1.0,1.0,True,1.0,1.0,L0 R1,0.748011798539892
123,703.5995856801192,704.3851980781524,1.0,0.5,1.0,1.0,True,-0.5,1.0,L1 R0.5,0.7856123980332086
124,707.4000462735935,707.9700552341062,0.25,0.5,-1.0,1.0,True,0.25,0.5,L0.25 R0.5,0.5700089605127232
125,710.8157007318271,711.620113429607,1.0,0.0,1.0,1.0,True,-1.0,1.0,L1 R0,0.8044126977799806
126,714.5489602538662,715.4449744121143,0.0,0.5,-1.0,1.0,True,0.5,0.5,L0 R0.5,0.8960141582481356
127,718.7494272249298,719.8010438640597,0.25,1.0,-1.0,1.0,True,0.75,1.0,L0.25 R1,1.0516166391298611
128,722.6658896679048,723.195497984281,1.0,0.0,1.0,1.0,True,-1.0,1.0,L1 R0,0.5296083163761978
129,725.9155414794388,726.7959553889609,0.0,0.0,0.0,1.0,True,0.0,0.0,L0 R0,0.8804139095220762
130,730.6980177298944,731.8608361419945,0.0,0.25,-1.0,1.0,True,0.25,0.25,L0 R0.25,1.1628184121000231
131,735.2484902813483,736.4313090123276,0.0,0.0,0.0,1.0,True,0.0,0.0,L0 R0,1.1828187309793066
132,740.6641766275275,741.8305950970257,0.0,0.5,-1.0,1.0,True,0.5,0.5,L0 R0.5,1.1664184694982396
133,744.6306398677013,745.2166490833176,0.0,0.5,-1.0,1.0,True,0.5,0.5,L0 R0.5,0.5860092156162864
134,750.8643392560502,751.641551520154,0.0,1.0,-1.0,1.0,True,1.0,1.0,L0 R1,0.7772122641038095
135,755.0472059464996,756.1360231787455,0.25,0.5,0.0,-1.0,True,0.25,0.5,L0.25 R0.5,1.0888172322459013
136,760.5636938998314,761.3869068973579,0.0,0.0,0.0,1.0,True,0.0,0.0,L0 R0,0.8232129975265252
137,765.2293682880309,766.2613846146592,0.5,0.25,1.0,1.0,True,-0.25,0.5,L0.5 R0.25,1.0320163266283089
138,769.3626341876593,769.9318431354168,0.0,0.0,0.0,1.0,True,0.0,0.0,L0 R0,0.5692089477574882
139,773.9131067391131,774.6067176703009,0.0,0.5,-1.0,1.0,True,0.5,0.5,L0 R0.5,0.6936109311877772
140,778.6127816694077,779.3671935699892,1.0,0.25,1.0,1.0,True,-0.75,1.0,L1 R0.25,0.7544119005815446
141,782.2460395970497,782.9820512042622,0.5,0.5,-1.0,-1.0,True,0.0,0.5,L0.5 R0.5,0.7360116072125038
142,785.8124964596345,786.6221092403232,0.0,0.5,-1.0,1.0,True,0.5,0.5,L0 R0.5,0.809612780688667
143,789.4449543745213,790.1813659881111,0.25,0.5,1.0,-1.0,True,0.25,0.5,L0.25 R0.5,0.7364116135897802
144,793.3954173595916,794.3574325701416,0.5,1.0,-1.0,1.0,True,0.5,1.0,L0.5 R1,0.9620152105499074
145,797.6442851023432,798.4266974493557,0.0,0.0,0.0,1.0,True,0.0,0.0,L0 R0,0.782412347012496
146,803.3615762572247,804.5071943950879,0.25,0.5,0.0,-1.0,True,0.25,0.5,L0.25 R0.5,1.1456181378632664
147,808.7108615447239,809.3420714810079,0.5,0.0,1.0,1.0,True,-0.5,0.5,L0.5 R0,0.6312099362839945
148,815.5933712775225,816.6625881972664,0.0,0.0,0.0,1.0,True,0.0,0.0,L0 R0,1.0692169197438943
149,821.3598632168473,822.4922811442502,0.5,0.5,1.0,1.0,True,0.0,0.5,L0.5 R0.5,1.132417927402912
150,825.126723274604,825.632331208325,1.0,0.0,1.0,1.0,True,-1.0,1.0,L1 R0,0.5056079337209667
151,828.6099788106501,829.1683875862127,0.0,0.0,0.0,1.0,True,0.0,0.0,L0 R0,0.5584087755626115
152,833.3256539960482,833.9276634667683,1.0,0.0,1.0,1.0,True,-1.0,1.0,L1 R0,0.6020094707200769
153,836.6761074147348,837.6077221405881,0.0,0.0,-1.0,-1.0,True,0.0,0.0,L0 R0,0.931614725853251
154,840.5585693156149,841.2725805720597,0.0,0.0,0.0,1.0,True,0.0,0.0,L0 R0,0.7140112564447918
155,845.4082466375055,846.338661344226,1.0,1.0,-1.0,-1.0,True,0.0,1.0,L1 R1,0.9304147067205122
156,855.0912010198053,855.6228093680695,0.5,0.0,1.0,1.0,True,-0.5,0.5,L0.5 R0,0.5316083482641716
157,858.6748581566262,859.2184666962182,0.0,0.5,-1.0,1.0,True,0.5,0.5,L0 R0.5,0.5436085395920145
158,863.224530695325,863.943342028301,0.0,0.0,0.0,1.0,True,0.0,0.0,L0 R0,0.7188113329759744
159,867.8570045541846,868.4538139419958,0.25,0.0,0.0,-1.0,True,-0.25,0.25,L0.25 R0,0.5968093878111631
160,873.1402887893819,874.1235043379443,0.0,0.5,0.0,-1.0,True,0.5,0.5,L0 R0.5,0.9832155485623844
161,878.3063711559455,878.9835818256522,1.0,0.0,1.0,1.0,True,-1.0,1.0,L1 R0,0.6772106697067102
162,883.0896474191561,883.9840615518938,0.0,1.0,1.0,-1.0,True,1.0,1.0,L0 R1,0.8944141327376656
163,887.2061130509258,888.1033272283066,0.0,1.0,0.0,-1.0,True,1.0,1.0,L0 R1,0.8972141773808744
164,892.0721906342976,892.7994021012028,0.0,1.0,-1.0,1.0,True,1.0,1.0,L0 R1,0.7272114669051462
165,895.8562509662906,896.5598620569181,0.5,0.25,1.0,1.0,True,-0.25,0.5,L0.5 R0.25,0.7036110906274189
166,898.9895009219463,899.7887135368176,1.0,0.0,1.0,1.0,True,-1.0,1.0,L1 R0,0.7992126148712941
167,902.5719580396346,903.3147697552658,1.0,0.25,1.0,1.0,True,-0.75,1.0,L1 R0.25,0.7428117156312055
168,906.0716138371617,906.5836218729241,0.25,1.0,0.0,-1.0,True,0.75,1.0,L0.25 R1,0.512008035762392
169,910.688887453673,911.4196989779766,0.25,1.0,0.0,-1.0,True,0.75,1.0,L0.25 R1,0.73081152430359
170,915.6209660893469,916.6589825116391,0.25,1.0,0.0,-1.0,True,0.75,1.0,L0.25 R1,1.0380164222922303
171,920.7706481944294,921.3250569062161,0.25,1.0,0.0,-1.0,True,0.75,1.0,L0.25 R1,0.5544087117866638
172,925.4879234053378,926.2899360648523,0.25,1.0,1.0,-1.0,True,0.75,1.0,L0.25 R1,0.802012659514503
173,929.3703853062179,930.1191971175131,0.25,1.0,0.0,-1.0,True,0.75,1.0,L0.25 R1,0.748811811295127
174,933.9708586548704,934.7196704661656,0.25,1.0,0.0,-1.0,True,0.75,1.0,L0.25 R1,0.748811811295127
175,938.5865322458715,939.5345472332058,0.25,1.0,-1.0,1.0,True,0.75,1.0,L0.25 R1,0.948014987334318
176,946.136652622866,946.6894613091426,0.5,0.25,1.0,1.0,True,-0.25,0.5,L0.5 R0.25,0.5528086862766486
177,950.2359179803996,951.1455323554853,1.0,0.0,1.0,1.0,True,-1.0,1.0,L1 R0,0.9096143750857664
178,954.6527884017385,955.1859967755131,0.0,0.5,1.0,-1.0,True,0.5,0.5,L0 R0.5,0.5332083737746416
179,960.2192771522689,961.0052895566798,0.5,0.0,0.0,-1.0,True,-0.5,0.5,L0.5 R0,0.7860124044109398
180,964.9357523504223,965.4457603542967,1.0,0.0,0.0,-1.0,True,-1.0,1.0,L1 R0,0.5100080038744181
181,969.4354240919222,970.3506385562944,1.0,0.0,1.0,1.0,True,-1.0,1.0,L1 R0,0.915214464372184
182,974.4019032760689,975.3655185121293,0.0,0.0,0.0,1.0,True,0.0,0.0,L0 R0,0.9636152360603774
183,979.5175848390561,980.4912002345563,0.5,0.0,0.0,-1.0,True,-0.5,0.5,L0.5 R0,0.9736153955002464
184,984.3512619058431,984.8804702158418,0.0,0.0,0.0,1.0,True,0.0,0.0,L0 R0,0.529208309998694
185,988.850133634588,989.6709465938491,0.0,0.5,-1.0,1.0,True,0.5,0.5,L0 R0.5,0.8208129592610476
186,993.4666072383441,994.3658214476127,0.0,0.0,0.0,1.0,True,0.0,0.0,L0 R0,0.8992142092686208
187,998.4830872196894,999.4863030871311,0.25,1.0,-1.0,1.0,True,0.75,1.0,L0.25 R1,1.0032158674416678
188,1003.5495679982332,1004.5411836807248,0.0,0.0,0.0,1.0,True,0.0,0.0,L0 R0,0.9916156824915561
189,1008.6664495803534,1009.2760591722474,0.5,0.25,1.0,1.0,True,-0.25,0.5,L0.5 R0.25,0.6096095918940136
190,1012.4165093702513,1013.5865278971478,1.0,0.0,1.0,1.0,True,-1.0,1.0,L1 R0,1.170018526896456
191,1016.6161763285595,1017.2013855314208,0.25,0.0,0.0,-1.0,True,-0.25,0.25,L0.25 R0,0.5852092028612788
192,1021.4326531211102,1022.1462643711775,0.5,0.5,0.0,-1.0,True,0.0,0.5,L0.5 R0.5,0.713611250067288
193,1026.265530175142,1027.406748242852,1.0,0.5,1.0,1.0,True,-0.5,1.0,L1 R0.5,1.1412180677100423
194,1031.2652098886285,1032.291226119593,0.5,1.0,0.0,-1.0,True,0.5,1.0,L0.5 R1,1.0260162309643874
195,1036.9309002208008,1037.561710150707,1.0,0.5,0.0,-1.0,True,-0.5,1.0,L1 R0.5,0.6308099299062633
196,1041.664175686813,1042.3065858016694,1.0,0.25,0.0,-1.0,True,-0.75,1.0,L1 R0.25,0.642410114856375
197,1046.1802476897942,1047.2518646478036,1.0,0.25,1.0,1.0,True,-0.75,1.0,L1 R0.25,1.071616958009372
198,1051.6143343293425,1052.4975482835075,0.25,0.5,0.0,-1.0,True,0.25,0.5,L0.25 R0.5,0.8832139541650577
199,1056.5632132328751,1057.7072313452284,0.0,0.0,0.0,1.0,True,0.0,0.0,L0 R0,1.1440181123532511
200,1062.4137065114935,1063.307320631476,0.25,0.0,1.0,1.0,True,-0.25,0.25,L0.25 R0,0.8936141199824306
201,1067.3965859571213,1068.392201703389,0.0,0.5,0.0,-1.0,False,0.5,0.5,L0 R0.5,0.9956157462677311
202,1072.5462680622036,1073.2526791974744,0.0,0.25,0.0,-1.0,False,0.25,0.25,L0 R0.25,0.7064111352708551
203,1077.2119424504033,1077.8375522974009,0.0,0.5,0.0,-1.0,False,0.5,0.5,L0 R0.5,0.6256098469975768
204,1081.6784136625633,1082.6524290644413,0.0,0.5,0.0,-1.0,False,0.5,0.5,L0 R0.5,0.9740154018779776
205,1091.9285770882848,1093.027794486348,0.25,1.0,1.0,-1.0,False,0.75,1.0,L0.25 R1,1.0992173980632742
206,1096.3278472290099,1096.9682573119783,0.25,1.0,1.0,-1.0,False,0.75,1.0,L0.25 R1,0.6404100829684012
207,1101.5779309348673,1102.188740545894,0.25,1.0,0.0,-1.0,False,0.75,1.0,L0.25 R1,0.6108096110267525
208,1106.061202414886,1106.7580133970946,0.25,1.0,1.0,-1.0,False,0.75,1.0,L0.25 R1,0.6968109822084898
209,1110.1108669815983,1110.88847925208,0.25,1.0,1.0,-1.0,False,0.75,1.0,L0.25 R1,0.7776122704817681
210,1114.2773334105668,1114.7685411146945,0.25,1.0,1.0,-1.0,False,0.75,1.0,L0.25 R1,0.49120770412764614
211,1117.9265915933124,1118.7290042592044,0.25,1.0,0.0,-1.0,False,0.75,1.0,L0.25 R1,0.8024126658920068
212,1122.5762657264083,1123.3538779968897,0.25,1.0,0.0,-1.0,False,0.75,1.0,L0.25 R1,0.7776122704813133
213,1127.542744910555,1128.5287605037602,0.25,1.0,1.0,-1.0,False,0.75,1.0,L0.25 R1,0.9860155932051384
