cluster_id,z_max,significant,peak_x,peak_y,n_flash_spikes
582,4.6589374074041645,True,-24.0,16.0,5148
593,5.224962425801317,True,-24.0,32.0,17190
596,6.493616937928194,True,-16.0,16.0,8947
599,3.79047391165342,False,8.0,40.0,12338
607,6.650662022901061,True,-8.0,32.0,1297
608,7.9246467034229795,True,0.0,32.0,5467
621,5.088696479592624,True,-24.0,24.0,9359
634,5.732081620159511,True,-16.0,32.0,1513
663,4.939841343522448,True,-24.0,32.0,19616
664,5.336191148885356,True,-8.0,24.0,10061
674,7.834056345853311,True,-24.0,32.0,1493
680,5.436623390612332,True,-32.0,16.0,2787
703,6.850446228881431,True,-24.0,32.0,10822
711,6.7452088412691715,True,-16.0,24.0,1388
714,6.503705003065122,True,-8.0,32.0,4035
719,6.298691519212863,True,-8.0,40.0,3324
720,6.56325478562146,True,-24.0,40.0,2885
727,5.548932220423448,True,-16.0,40.0,3998
735,4.900202645552101,True,-16.0,24.0,12160
744,5.779860299818186,True,-24.0,32.0,6242
773,6.397466665381413,True,-8.0,8.0,10257
802,8.745859371285505,True,-24.0,24.0,13486
807,5.742266227421749,True,-8.0,24.0,3253
823,4.1540317536009645,True,-32.0,32.0,4329
835,6.798428331621227,True,-24.0,24.0,412
862,5.174117673873719,True,-8.0,32.0,15023
866,9.047677764273583,True,-24.0,24.0,7492
892,6.349420819396463,True,-16.0,32.0,5930
900,3.891583330094288,True,8.0,-16.0,1950
948,5.483327342846273,True,-16.0,32.0,3501
976,3.3756065013074275,False,-32.0,16.0,5631
977,6.367489804615221,True,-8.0,32.0,1808
985,7.01803869630012,True,-8.0,40.0,2141
986,3.7825343259620117,False,-8.0,56.0,6598
