cluster_id,r2,p,side_preference,beta_intercept,beta_contrast_left,beta_contrast_right,beta_interaction,significant
582,0.02504564693058131,0.27896069821534064,-0.6196443645489262,0.8564146404504017,0.6353275528586337,0.015683188309707524,-0.1270257727908895,False
593,0.11653947634142392,0.0003048313955428261,-5.9722735216525376,7.802974594787521,4.916960494566136,-1.0553130270864013,-2.8379778859845732,True
596,0.18312255034639713,1.011456139399236e-06,-2.6709779114971903,1.5235725663300976,2.665723490515399,-0.0052544209817913575,-1.7001988759202158,True
599,0.03575267961764972,0.1377070487728984,-1.5513596356726151,3.9642173663836986,0.7755045330641737,-0.7758551026084416,-0.3135470520762153,False
607,0.018212625495392043,0.4260398255900132,-0.43271408402795114,0.7032265800086075,0.3730485969287638,-0.059665487099187356,0.07225301872993609,False
608,0.02994042540953501,0.20309771758400152,-0.49989698539557315,0.555391525169393,0.39747614002810877,-0.10242084536746436,-0.3452239838154465,False
621,0.0756212587480446,0.007688653209594998,-1.7121396704609508,1.3664458613601884,1.6275577997350648,-0.08458187072588617,-0.8841486752160506,True
634,0.03811516482252686,0.11722613255424374,-0.18201424568408783,0.057823752851038815,0.16519104851423558,-0.016823197169852262,-0.1985420861917337,False
663,0.08645133956355888,0.0033464882676402796,-5.782728595443751,9.071975823386667,5.346119796995975,-0.43660879844777606,-5.395418231369432,True
664,0.03242196698827782,0.1722936457326668,-0.7202899308027707,1.8122295722405484,1.0853171779562232,0.36502724715345247,-0.7030260342223065,False
674,0.006951469260835008,0.7875083515499746,-0.061216557599246796,0.131680581333302,0.14589412265660673,0.08467756505735993,-0.2572744134515931,False
680,0.016610551720115163,0.46853450684200604,-0.5593989317980136,1.884829756269035,0.9258542524741895,0.3664553206761759,-1.229857637903378,False
703,0.06072077440705337,0.023437063435983063,-0.9764381112571439,3.23043903911625,0.8441310626331264,-0.13230704862401746,-0.7038616993947033,False
711,0.10227404737449886,0.0009635709278934534,-1.7988471567901057,1.4167875860124663,1.8660765857489958,0.06722942895889011,-0.8585104733678676,True
714,0.009001541539879643,0.7126069877520445,-0.2830229879512309,1.9788156605027092,-0.1514615080575949,-0.43448449600882577,0.2827428233364729,False
719,0.04555752059577245,0.06988647339544818,-0.4376789737971936,0.2186911769391184,0.3611367849501683,-0.07654218884702531,-0.27293913229745886,False
720,0.025303079734491862,0.2744136850002713,-0.8262927051970982,1.3092435525342652,-0.133075909537825,-0.9593686147349232,0.9177022927567199,False
727,0.042094687721594415,0.08906007743967681,-0.499482172446293,0.35645244463340997,0.6707833140980043,0.17130114165171126,-0.9775585751224196,False
735,0.07124613328931051,0.010705635547656245,-1.170919669935334,1.3325411610056566,0.9150600014801992,-0.25585966845513475,-0.9867160080009477,True
744,0.023953938141110354,0.2989914737656797,-0.3554064522488602,0.8496045059620077,0.35169417426437655,-0.003712277984483653,-0.9737339098689709,False
773,0.030398163280854207,0.19706128026400593,-0.05367953377661222,0.17863874421090642,0.26349244796349947,0.20981291418688724,0.3302552658677292,False
802,0.0020393632718785915,0.9582745735159618,0.045926421622562885,0.49619793131460227,-0.09260118619538549,-0.0466747645728226,-0.07599363414109789,False
807,0.025994953682424105,0.2625175562694777,-0.4107912558072041,0.6441247780796071,0.23914879765785718,-0.17164245814934692,0.28576698948180657,False
823,0.04307086778933911,0.08320164823480058,-1.0909211712466123,1.5880270068807851,0.3068913680098816,-0.7840298032367308,1.660878280243691,False
835,0.02878476917211592,0.21909578228179338,-0.11959674391319364,0.2880142916452969,0.06143455340714474,-0.0581621905060489,-0.4002455669473307,False
862,0.022417614980729805,0.3293089693159197,-0.6121393296471924,0.9515101845589419,0.8869146374510255,0.274775307803833,-0.9654000654466348,False
866,0.05151243173147191,0.045761677206969775,-1.0842369661486915,1.4487990770390702,0.940196487563693,-0.14404047858499835,-0.7498261684424461,False
892,0.05238025054294837,0.04299573419762581,-0.6293222170841916,1.0230619531674627,0.8143662039096878,0.18504398682549628,0.015024358020254133,False
900,0.08363545963344932,0.004161361798711849,-0.7442027949895311,0.817829990500599,0.3678763393746939,-0.3763264556148372,-0.36898357681818755,True
948,0.034534316916031704,0.14953171624357342,-0.5687912228329518,1.0889754227545663,0.558099696269785,-0.010691526563166905,-1.2466350812782305,False
976,0.006666834734761706,0.7980104986248541,-0.24372767664012118,2.51696736628909,0.7995022854488316,0.5557746088087104,-1.4763093264897602,False
977,0.15956117661411984,8.118981584814833e-06,-1.2398700062285999,0.20507715510806257,1.3941916914823884,0.15432168525378856,-1.1413240775431666,True
985,0.005126132151956564,0.8545789163973613,-0.09594835504950316,0.22754099993126475,0.25797255213363707,0.1620241970841339,-0.14967993601147864,False
986,0.02730640537071294,0.2412249193020961,-0.5510735180920683,1.9185701844833065,0.9032446493877275,0.3521711312956593,-0.8618148270213354,False
