contrast_left,contrast_right,interaction,signed_contrast,abs_contrast
1.0,0.0,0.0,-1.0,1.0
0.0,0.5,0.0,0.5,0.5
1.0,0.5,0.5,-0.5,1.0
0.0,0.0,0.0,0.0,0.0
0.5,1.0,0.5,0.5,1.0
0.0,0.0,0.0,0.0,0.0
0.0,0.0,0.0,0.0,0.0
0.0,0.0,0.0,0.0,0.0
0.0,0.0,0.0,0.0,0.0
1.0,0.5,0.5,-0.5,1.0
0.5,0.0,0.0,-0.5,0.5
0.0,0.0,0.0,0.0,0.0
0.5,0.25,0.125,-0.25,0.5
1.0,0.0,0.0,-1.0,1.0
0.5,0.0,0.0,-0.5,0.5
0.0,1.0,0.0,1.0,1.0
0.0,0.0,0.0,0.0,0.0
1.0,1.0,1.0,0.0,1.0
0.0,0.0,0.0,0.0,0.0
0.0,0.0,0.0,0.0,0.0
0.0,0.0,0.0,0.0,0.0
0.0,0.0,0.0,0.0,0.0
0.0,0.0,0.0,0.0,0.0
0.0,0.0,0.0,0.0,0.0
0.5,0.0,0.0,-0.5,0.5
0.0,0.0,0.0,0.0,0.0
0.0,0.0,0.0,0.0,0.0
0.0,0.5,0.0,0.5,0.5
0.5,0.25,0.125,-0.25,0.5
0.25,1.0,0.25,0.75,1.0
0.25,1.0,0.25,0.75,1.0
0.0,0.0,0.0,0.0,0.0
1.0,0.5,0.5,-0.5,1.0
0.5,0.0,0.0,-0.5,0.5
0.0,0.0,0.0,0.0,0.0
0.0,0.0,0.0,0.0,0.0
0.0,0.0,0.0,0.0,0.0
0.0,0.25,0.0,0.25,0.25
0.5,1.0,0.5,0.5,1.0
0.25,0.0,0.0,-0.25,0.25
1.0,0.25,0.25,-0.75,1.0
0.0,0.5,0.0,0.5,0.5
0.0,1.0,0.0,1.0,1.0
0.0,0.0,0.0,0.0,0.0
0.0,0.0,0.0,0.0,0.0
0.0,0.5,0.0,0.5,0.5
0.0,1.0,0.0,1.0,1.0
0.5,0.0,0.0,-0.5,0.5
0.25,0.25,0.0625,0.0,0.25
0.5,0.0,0.0,-0.5,0.5
0.0,1.0,0.0,1.0,1.0
0.0,0.0,0.0,0.0,0.0
0.0,0.0,0.0,0.0,0.0
1.0,0.25,0.25,-0.75,1.0
0.5,0.5,0.25,0.0,0.5
0.5,0.5,0.25,0.0,0.5
0.0,0.25,0.0,0.25,0.25
0.0,1.0,0.0,1.0,1.0
0.0,0.5,0.0,0.5,0.5
0.5,0.5,0.25,0.0,0.5
0.25,1.0,0.25,0.75,1.0
0.0,1.0,0.0,1.0,1.0
0.0,0.0,0.0,0.0,0.0
0.0,0.5,0.0,0.5,0.5
1.0,0.0,0.0,-1.0,1.0
0.0,0.5,0.0,0.5,0.5
0.25,0.25,0.0625,0.0,0.25
0.0,0.0,0.0,0.0,0.0
0.0,1.0,0.0,1.0,1.0
0.0,0.5,0.0,0.5,0.5
1.0,0.0,0.0,-1.0,1.0
0.0,0.25,0.0,0.25,0.25
1.0,0.25,0.25,-0.75,1.0
0.5,1.0,0.5,0.5,1.0
0.0,1.0,0.0,1.0,1.0
1.0,0.0,0.0,-1.0,1.0
1.0,1.0,1.0,0.0,1.0
0.0,0.25,0.0,0.25,0.25
0.0,0.5,0.0,0.5,0.5
0.0,0.0,0.0,0.0,0.0
0.25,1.0,0.25,0.75,1.0
0.25,1.0,0.25,0.75,1.0
0.25,1.0,0.25,0.75,1.0
0.0,1.0,0.0,1.0,1.0
1.0,0.25,0.25,-0.75,1.0
0.5,0.0,0.0,-0.5,0.5
0.0,0.0,0.0,0.0,0.0
0.5,0.0,0.0,-0.5,0.5
0.0,0.5,0.0,0.5,0.5
0.5,0.0,0.0,-0.5,0.5
1.0,0.0,0.0,-1.0,1.0
0.25,0.5,0.125,0.25,0.5
0.5,0.0,0.0,-0.5,0.5
0.5,0.0,0.0,-0.5,0.5
0.0,0.5,0.0,0.5,0.5
1.0,0.0,0.0,-1.0,1.0
0.0,1.0,0.0,1.0,1.0
0.25,1.0,0.25,0.75,1.0
0.25,1.0,0.25,0.75,1.0
0.25,1.0,0.25,0.75,1.0
0.25,1.0,0.25,0.75,1.0
1.0,0.0,0.0,-1.0,1.0
0.0,1.0,0.0,1.0,1.0
0.0,1.0,0.0,1.0,1.0
0.0,1.0,0.0,1.0,1.0
0.0,0.0,0.0,0.0,0.0
0.0,1.0,0.0,1.0,1.0
0.0,1.0,0.0,1.0,1.0
0.0,1.0,0.0,1.0,1.0
0.0,0.0,0.0,0.0,0.0
0.25,0.25,0.0625,0.0,0.25
0.25,1.0,0.25,0.75,1.0
0.25,1.0,0.25,0.75,1.0
0.25,1.0,0.25,0.75,1.0
0.25,1.0,0.25,0.75,1.0
0.0,0.0,0.0,0.0,0.0
0.5,0.25,0.125,-0.25,0.5
0.5,0.0,0.0,-0.5,0.5
0.0,0.0,0.0,0.0,0.0
0.5,0.0,0.0,-0.5,0.5
0.0,0.25,0.0,0.25,0.25
0.5,0.0,0.0,-0.5,0.5
0.0,1.0,0.0,1.0,1.0
1.0,0.5,0.5,-0.5,1.0
0.25,0.5,0.125,0.25,0.5
1.0,0.0,0.0,-1.0,1.0
0.0,0.5,0.0,0.5,0.5
0.25,1.0,0.25,0.75,1.0
1.0,0.0,0.0,-1.0,1.0
0.0,0.0,0.0,0.0,0.0
0.0,0.25,0.0,0.25,0.25
0.0,0.0,0.0,0.0,0.0
0.0,0.5,0.0,0.5,0.5
0.0,0.5,0.0,0.5,0.5
0.0,1.0,0.0,1.0,1.0
0.25,0.5,0.125,0.25,0.5
0.0,0.0,0.0,0.0,0.0
0.5,0.25,0.125,-0.25,0.5
0.0,0.0,0.0,0.0,0.0
0.0,0.5,0.0,0.5,0.5
1.0,0.25,0.25,-0.75,1.0
0.5,0.5,0.25,0.0,0.5
0.0,0.5,0.0,0.5,0.5
0.25,0.5,0.125,0.25,0.5
0.5,1.0,0.5,0.5,1.0
0.0,0.0,0.0,0.0,0.0
0.25,0.5,0.125,0.25,0.5
0.5,0.0,0.0,-0.5,0.5
0.0,0.0,0.0,0.0,0.0
0.5,0.5,0.25,0.0,0.5
1.0,0.0,0.0,-1.0,1.0
0.0,0.0,0.0,0.0,0.0
1.0,0.0,0.0,-1.0,1.0
0.0,0.0,0.0,0.0,0.0
0.0,0.0,0.0,0.0,0.0
1.0,1.0,1.0,0.0,1.0
0.5,0.0,0.0,-0.5,0.5
0.0,0.5,0.0,0.5,0.5
0.0,0.0,0.0,0.0,0.0
0.25,0.0,0.0,-0.25,0.25
0.0,0.5,0.0,0.5,0.5
1.0,0.0,0.0,-1.0,1.0
0.0,1.0,0.0,1.0,1.0
0.0,1.0,0.0,1.0,1.0
0.0,1.0,0.0,1.0,1.0
0.5,0.25,0.125,-0.25,0.5
1.0,0.0,0.0,-1.0,1.0
1.0,0.25,0.25,-0.75,1.0
0.25,1.0,0.25,0.75,1.0
0.25,1.0,0.25,0.75,1.0
0.25,1.0,0.25,0.75,1.0
0.25,1.0,0.25,0.75,1.0
0.25,1.0,0.25,0.75,1.0
0.25,1.0,0.25,0.75,1.0
0.25,1.0,0.25,0.75,1.0
0.25,1.0,0.25,0.75,1.0
0.5,0.25,0.125,-0.25,0.5
1.0,0.0,0.0,-1.0,1.0
0.0,0.5,0.0,0.5,0.5
0.5,0.0,0.0,-0.5,0.5
1.0,0.0,0.0,-1.0,1.0
1.0,0.0,0.0,-1.0,1.0
0.0,0.0,0.0,0.0,0.0
0.5,0.0,0.0,-0.5,0.5
0.0,0.0,0.0,0.0,0.0
0.0,0.5,0.0,0.5,0.5
0.0,0.0,0.0,0.0,0.0
0.25,1.0,0.25,0.75,1.0
0.0,0.0,0.0,0.0,0.0
0.5,0.25,0.125,-0.25,0.5
1.0,0.0,0.0,-1.0,1.0
0.25,0.0,0.0,-0.25,0.25
0.5,0.5,0.25,0.0,0.5
1.0,0.5,0.5,-0.5,1.0
0.5,1.0,0.5,0.5,1.0
1.0,0.5,0.5,-0.5,1.0
1.0,0.25,0.25,-0.75,1.0
1.0,0.25,0.25,-0.75,1.0
0.25,0.5,0.125,0.25,0.5
0.0,0.0,0.0,0.0,0.0
0.25,0.0,0.0,-0.25,0.25
0.0,0.5,0.0,0.5,0.5
0.0,0.25,0.0,0.25,0.25
0.0,0.5,0.0,0.5,0.5
0.0,0.5,0.0,0.5,0.5
0.25,1.0,0.25,0.75,1.0
0.25,1.0,0.25,0.75,1.0
0.25,1.0,0.25,0.75,1.0
0.25,1.0,0.25,0.75,1.0
0.25,1.0,0.25,0.75,1.0
0.25,1.0,0.25,0.75,1.0
0.25,1.0,0.25,0.75,1.0
0.25,1.0,0.25,0.75,1.0
0.25,1.0,0.25,0.75,1.0
