cluster_id,L1 R0,L0 R0.5,L1 R0.5,L0.5 R1,L0.5 R0,L0.5 R0.25,L0 R1,L1 R1,L0.25 R1,L0 R0.25,L0.25 R0,L1 R0.25,L0.25 R0.25,L0.5 R0.5,L0.25 R0.5
582,1.7777777777777777,1.05,1.3333333333333333,2.0,0.6666666666666666,1.1428571428571428,1.0952380952380953,1.6666666666666667,0.5,0.3333333333333333,2.5,1.0,0.6666666666666666,2.0,1.0
593,12.61111111111111,7.65,8.0,12.4,9.944444444444445,12.857142857142858,8.428571428571429,11.666666666666666,4.541666666666667,9.0,6.25,13.25,7.666666666666667,10.0,4.833333333333333
596,4.222222222222222,1.6,4.0,2.2,2.388888888888889,3.857142857142857,1.9523809523809523,2.6666666666666665,1.0416666666666667,1.3333333333333333,2.25,3.375,1.3333333333333333,2.8333333333333335,2.6666666666666665
599,4.277777777777778,3.6,3.5,3.2,4.611111111111111,6.0,3.5238095238095237,4.333333333333333,2.8333333333333335,3.5,1.5,5.375,5.0,3.6666666666666665,3.8333333333333335
607,1.1111111111111112,0.85,1.5,1.2,1.0,1.0,0.8095238095238095,1.3333333333333333,0.5,0.6666666666666666,0.5,0.75,0.3333333333333333,0.6666666666666666,0.3333333333333333
608,1.0555555555555556,0.5,0.6666666666666666,1.0,0.8333333333333334,0.8571428571428571,0.6666666666666666,1.0,0.16666666666666666,0.8333333333333334,0.25,0.5,0.3333333333333333,0.6666666666666666,0.16666666666666666
621,2.7222222222222223,1.75,2.1666666666666665,2.6,1.8888888888888888,2.7142857142857144,1.8095238095238095,2.6666666666666665,0.625,1.6666666666666667,1.5,4.25,1.3333333333333333,1.3333333333333333,0.5
634,0.2222222222222222,0.1,0.16666666666666666,0.0,0.2222222222222222,0.0,0.0,0.0,0.08333333333333333,0.0,0.0,0.125,0.0,0.0,0.0
663,14.333333333333334,9.65,12.0,12.0,11.333333333333334,12.428571428571429,10.857142857142858,11.666666666666666,5.333333333333333,10.5,7.75,13.75,10.333333333333334,10.333333333333334,6.0
664,2.9444444444444446,1.85,1.6666666666666667,3.4,2.611111111111111,2.857142857142857,2.6666666666666665,4.0,1.75,2.0,2.0,2.75,2.3333333333333335,2.3333333333333335,1.0
674,0.3333333333333333,0.25,0.0,0.6,0.16666666666666666,0.2857142857142857,0.14285714285714285,0.0,0.20833333333333334,0.16666666666666666,0.25,0.25,0.0,0.0,0.0
680,2.388888888888889,2.2,2.1666666666666665,2.4,3.0555555555555554,2.4285714285714284,2.857142857142857,3.0,1.5,1.5,1.25,3.125,1.0,2.5,1.3333333333333333
703,4.277777777777778,3.1,2.8333333333333335,3.8,3.6666666666666665,3.2857142857142856,2.9047619047619047,3.3333333333333335,3.25,3.0,3.0,3.625,5.0,3.5,3.5
711,3.2777777777777777,1.85,2.3333333333333335,2.2,1.8888888888888888,3.142857142857143,2.1904761904761907,4.333333333333333,0.75,1.3333333333333333,2.25,3.75,1.3333333333333333,2.3333333333333335,0.8333333333333334
714,1.8888888888888888,2.4,2.3333333333333335,2.2,1.8888888888888888,1.8571428571428572,1.7142857142857142,2.0,1.1666666666666667,2.0,1.5,1.75,0.6666666666666666,1.5,0.3333333333333333
719,0.3888888888888889,0.2,0.5,0.2,0.4444444444444444,0.5714285714285714,0.23809523809523808,0.0,0.041666666666666664,0.16666666666666666,0.0,0.875,0.3333333333333333,0.5,0.0
720,1.0555555555555556,0.6,0.8333333333333334,3.6,2.4444444444444446,0.8571428571428571,0.47619047619047616,0.6666666666666666,0.3333333333333333,0.6666666666666666,0.25,0.5,1.0,0.0,0.3333333333333333
727,1.0,0.6,0.8333333333333334,0.4,0.5555555555555556,0.8571428571428571,0.7619047619047619,0.6666666666666666,0.16666666666666666,0.3333333333333333,0.75,1.0,0.6666666666666666,0.16666666666666666,0.0
735,2.7222222222222223,1.5,1.8333333333333333,2.0,1.4444444444444444,1.5714285714285714,1.3333333333333333,2.0,0.5416666666666666,1.6666666666666667,2.0,1.125,0.6666666666666666,0.8333333333333334,1.0
744,1.0555555555555556,1.1,1.5,0.6,1.2222222222222223,1.1428571428571428,0.9047619047619048,0.0,0.625,0.3333333333333333,1.0,0.875,0.3333333333333333,0.0,0.5
773,0.5,0.3,0.5,1.4,0.4444444444444444,0.42857142857142855,0.6666666666666666,1.6666666666666667,0.16666666666666666,0.5,0.0,0.5,0.0,0.16666666666666666,0.0
802,0.2222222222222222,0.7,0.8333333333333334,0.8,0.5,0.7142857142857143,0.6190476190476191,0.0,0.125,0.16666666666666666,0.5,0.625,0.0,0.16666666666666666,0.0
807,0.8888888888888888,0.6,0.8333333333333334,1.0,0.6666666666666666,0.5714285714285714,0.5238095238095238,1.0,0.5,0.6666666666666666,1.0,1.125,0.6666666666666666,0.8333333333333334,0.5
823,1.5,1.3,3.3333333333333335,1.0,2.388888888888889,1.4285714285714286,1.0,3.0,1.3333333333333333,1.3333333333333333,1.5,2.5,0.0,0.5,1.1666666666666667
835,0.3333333333333333,0.25,0.16666666666666666,0.2,0.4444444444444444,0.42857142857142855,0.2857142857142857,0.0,0.08333333333333333,0.3333333333333333,0.0,0.125,0.0,0.0,0.16666666666666666
862,1.5555555555555556,1.2,2.1666666666666665,0.8,1.3333333333333333,2.4285714285714284,1.2857142857142858,0.3333333333333333,1.0833333333333333,0.6666666666666666,0.5,1.75,1.0,2.1666666666666665,0.8333333333333334
866,2.111111111111111,1.15,2.1666666666666665,1.8,2.3333333333333335,1.8571428571428572,1.4761904761904763,1.0,1.3333333333333333,1.3333333333333333,2.25,2.25,0.6666666666666666,2.0,0.6666666666666666
892,1.7777777777777777,1.3,2.0,1.4,1.3888888888888888,1.8571428571428572,1.1904761904761905,2.0,1.4166666666666667,1.0,1.0,2.0,1.0,1.8333333333333333,0.6666666666666666
900,1.1111111111111112,0.6,1.1666666666666667,0.2,1.2222222222222223,0.8571428571428571,0.6666666666666666,1.0,0.2916666666666667,1.0,0.75,1.0,0.0,0.0,0.6666666666666666
948,1.4444444444444444,0.9,0.6666666666666666,1.4,1.6666666666666667,1.7142857142857142,1.2857142857142858,0.3333333333333333,0.7083333333333334,1.0,1.0,1.5,1.0,1.3333333333333333,0.5
976,3.4444444444444446,2.45,1.6666666666666667,3.4,3.2222222222222223,3.857142857142857,4.0,5.333333333333333,2.0833333333333335,2.6666666666666665,2.25,2.625,5.666666666666667,2.1666666666666665,0.8333333333333334
977,1.6111111111111112,0.45,1.1666666666666667,0.8,0.8888888888888888,1.7142857142857142,0.23809523809523808,0.3333333333333333,0.5,0.0,0.25,1.125,0.3333333333333333,0.3333333333333333,0.0
985,0.6111111111111112,0.7,0.5,0.8,0.1111111111111111,0.0,0.38095238095238093,0.6666666666666666,0.20833333333333334,0.5,0.0,0.75,0.3333333333333333,0.3333333333333333,0.0
986,2.6666666666666665,2.05,2.8333333333333335,2.0,2.1666666666666665,3.0,2.3333333333333335,2.0,2.2916666666666665,1.8333333333333333,2.75,3.0,2.3333333333333335,2.1666666666666665,2.0
